order_number,display_name,purchase_date,type,product_name,qty,price,rev_share,status,platform
DttMzjRvylUMurGIL_q13,,9/30/2025,Support a Creator (Tech Tree Games),Purchase of stone-pack-2,,$54.82,$4.39,Normal,fastspring
inlh6GjrikgPMcG7nNZvm,,9/30/2025,Support a Creator (Tech Tree Games),Purchase of stone-pack-2,,$54.82,$4.39,Normal,fastspring
IlpWyExSe28tOLXW0swL9,,9/30/2025,Support a Creator (Tech Tree Games),Purchase of stone-pack-2,,$54.82,$4.39,Normal,fastspring
4gQqoabIsPD-tBtoQXCKI,,9/30/2025,Support a Creator (Tech Tree Games),Purchase of stone-pack-2,,$54.82,$4.39,Normal,fastspring
GR3VDnO5IMiQBt6hKzZTg,,9/30/2025,Support a Creator (Tech Tree Games),Purchase of stone-pack-2,,$54.82,$4.39,Normal,fastspring
OpjN_onRG6m2uYq4754Ov,,9/30/2025,Support a Creator (Tech Tree Games),Purchase of stone-pack-2,,$59.82,$4.79,Normal,fastspring
_19kch3alh6D8nhZ-mrNM,,9/30/2025,Support a Creator (Tech Tree Games),Purchase of stone-pack-2,,$59.82,$4.79,Normal,fastspring
QDdpSDyZ8Z8XnpDX-ZRjT,,9/30/2025,Support a Creator (Tech Tree Games),Purchase of stone-pack-2,,$59.82,$4.79,Normal,fastspring
JLaUhEWyOlwdSmVBXb9Ij,,9/30/2025,Support a Creator (Tech Tree Games),Purchase of stone-pack-2,,$59.82,$4.79,Normal,fastspring
Tm1qLJ47j0DDRQc43NEDq,,9/30/2025,Support a Creator (Tech Tree Games),Purchase of stone-pack-2,,$59.82,$4.79,Normal,fastspring
g6yjLWfCeRtf3eVn-breS,,9/30/2025,Support a Creator (Tech Tree Games),Purchase of stone-pack-2,,$59.99,$4.80,Normal,fastspring
j1dxT41x3RJuCwsxQLR8R,,9/30/2025,Support a Creator (Tech Tree Games),Purchase of stone-pack-2,,$59.99,$4.80,Normal,fastspring
BUPP7gz2nhiIuCOU8QjLi,,9/30/2025,Support a Creator (Tech Tree Games),Purchase of stone-pack-2,,$59.99,$4.80,Normal,fastspring
ESK_l5G-FQYbg4HDAd6rW,,9/30/2025,Support a Creator (Tech Tree Games),Purchase of stone-pack-2,,$59.99,$4.80,Normal,fastspring
jMsarJ4hsesXR_fqS-ta_,,9/30/2025,Support a Creator (Tech Tree Games),Purchase of stone-pack-2,,$59.99,$4.80,Normal,fastspring
okOqgJF3RdpFT6-IlDwl0,,9/30/2025,Support a Creator (Tech Tree Games),Purchase of stone-pack-2,,$56.00,$4.48,Normal,fastspring
5LKLgFGsZumk-hp5PbZ2a,,9/30/2025,Support a Creator (Tech Tree Games),Purchase of stone-pack-2,,$56.00,$4.48,Normal,fastspring
8YiXFnnIl9-ACwxqoBcFh,,9/30/2025,Support a Creator (Tech Tree Games),Purchase of stone-pack-2,,$56.00,$4.48,Normal,fastspring
wH9U0U1g_6VXJnE_LJtqb,,9/30/2025,Support a Creator (Tech Tree Games),Purchase of stone-pack-2,,$56.00,$4.48,Normal,fastspring
U02gRRGuDADECnKPXyd7G,,9/30/2025,Support a Creator (Tech Tree Games),Purchase of stone-pack-2,,$56.00,$4.48,Normal,fastspring
31XIDMg4L19r42z50AcTF,,9/30/2025,Support a Creator (Tech Tree Games),Purchase of stone-pack-2,,$54.86,$4.39,Normal,fastspring
mmDTzhPe16ixc-SGHBjHL,,9/30/2025,Support a Creator (Tech Tree Games),Purchase of stone-pack-2,,$54.86,$4.39,Normal,fastspring
giVW7PsIaQnACDwsOv5Ti,,9/30/2025,Support a Creator (Tech Tree Games),Purchase of stone-pack-2,,$54.86,$4.39,Normal,fastspring
Hk3WewQQDOWn_fsIpyjQ_,,9/30/2025,Support a Creator (Tech Tree Games),Purchase of stone-pack-2,,$54.86,$4.39,Normal,fastspring
tvdJF8SfP1SUBNQ7TzD7b,,9/30/2025,Support a Creator (Tech Tree Games),Purchase of stone-pack-2,,$54.86,$4.39,Normal,fastspring
bBKvwd7ZvQ_vZJYtMvlk_,,9/30/2025,Support a Creator (Tech Tree Games),Purchase of stone-pack-2,,$59.99,$4.80,Normal,fastspring
Q0ZgMnmZW4OIXbyZPRbG1,,9/30/2025,Support a Creator (Tech Tree Games),Purchase of stone-pack-2,,$59.99,$4.80,Normal,fastspring
ME5jLfIEDA6n4MrXBFbWV,,9/30/2025,Support a Creator (Tech Tree Games),Purchase of stone-pack-2,,$59.99,$4.80,Normal,fastspring
Fqf_Xv5PIR9FGqlRnHbDm,,9/30/2025,Support a Creator (Tech Tree Games),Purchase of stone-pack-2,,$59.99,$4.80,Normal,fastspring
w9wccAG2clIZRo3NelpBr,,9/30/2025,Support a Creator (Tech Tree Games),Purchase of stone-pack-2,,$59.99,$4.80,Normal,fastspring
pRAU6sqC7AASZRK2MD4vw,,9/30/2025,Support a Creator (Tech Tree Games),Purchase of stone-pack-2,,$59.99,$4.80,Normal,fastspring
wWmL73yz4pnmlwS1g2iYB,,9/30/2025,Support a Creator (Tech Tree Games),Purchase of stone-pack-2,,$59.99,$4.80,Normal,fastspring
J8gZogmqFqLT6ott5d0m7,,9/30/2025,Support a Creator (Tech Tree Games),Purchase of stone-pack-2,,$59.99,$4.80,Normal,fastspring
E1i7o2ozgWGCtGGss_OkB,,9/30/2025,Support a Creator (Tech Tree Games),Purchase of stone-pack-2,,$59.99,$4.80,Normal,fastspring
YOQdxZBTVnMklMa0plV15,,9/30/2025,Support a Creator (Tech Tree Games),Purchase of stone-pack-2,,$59.99,$4.80,Normal,fastspring
JKa-Arv7RXWxAxreGAdf-,,9/30/2025,Support a Creator (Tech Tree Games),Purchase of event-boost,,$17.18,$0.86,Normal,google
Wh5GRLnWZl3j6m74J2Jsm,,9/30/2025,Support a Creator (Tech Tree Games),Purchase of event-boost,,$15.53,$1.24,Normal,fastspring
Q0PT0hoWW8sk8VTmObkL7,,9/30/2025,Support a Creator (Tech Tree Games),Purchase of milestones-premium-1,,$9.99,$0.80,Normal,fastspring
fhFzguGwuyTeuQqp1goSl,,9/30/2025,Support a Creator (Tech Tree Games),Purchase of event-boost,,$15.25,$1.22,Normal,fastspring
5XKlJ6dlQa8IdPmpAuLAs,,9/30/2025,Support a Creator (Tech Tree Games),Purchase of event-boost,,$15.25,$1.22,Normal,fastspring
1bavlxTAxtpziH4zqaAnX,,9/30/2025,Support a Creator (Tech Tree Games),Purchase of event-boost,,$17.85,$0.89,Normal,google
lj6Huq7O9BIqNmtqJYir8,,9/30/2025,Support a Creator (Tech Tree Games),Purchase of event-boost,,$14.99,$1.20,Normal,fastspring
5dhN6uo_cPubCB_KB456W,,9/30/2025,Support a Creator (Tech Tree Games),Purchase of galaxy-gem-pack,,$99.99,$8.00,Normal,fastspring
hEZDfAlKJ7b1CA3AXMfUc,,9/30/2025,Support a Creator (Tech Tree Games),Purchase of event-boost,,$14.99,$0.75,Normal,apple
lBC97jbY_rKFGu22vTlNV,,9/30/2025,Support a Creator (Tech Tree Games),Purchase of galaxy-gem-pack,,$97.83,$7.83,Normal,fastspring
QYOST9kYWpMmi5UdPWNSj,,9/30/2025,Support a Creator (Tech Tree Games),Purchase of galaxy-gem-pack,,$97.83,$7.83,Normal,fastspring
azySpOTVM3csBfkQYsSI7,,9/30/2025,Support a Creator (Tech Tree Games),Purchase of galaxy-gem-pack,,$97.83,$7.83,Normal,fastspring
lNrsjTAT5yo-r_d9pdaYB,,9/30/2025,Support a Creator (Tech Tree Games),Purchase of galaxy-gem-pack,,$97.83,$7.83,Normal,fastspring
ncLTldlrtDGBJmsEokHGi,,9/30/2025,Support a Creator (Tech Tree Games),Purchase of stone-pack-2,,$59.87,$4.79,Normal,fastspring
u359Aa2XFX1FkG2-mZEdf,,9/30/2025,Support a Creator (Tech Tree Games),Purchase of stone-pack-2,,$59.87,$4.79,Normal,fastspring
Af5V-YcDXAwry1S99LSKM,,9/30/2025,Support a Creator (Tech Tree Games),Purchase of stone-pack-2,,$59.87,$4.79,Normal,fastspring
3Io-Xt4BcGGcBnHYeMZgg,,9/30/2025,Support a Creator (Tech Tree Games),Purchase of epic-pack,,$30.52,$2.44,Normal,fastspring
_5rRosgDyK70Z0L63fbF8,,9/29/2025,Support a Creator (Tech Tree Games),Purchase of event-boost,,$18.13,$0.91,Normal,google
iMOrnUu_Pki7YiShGPRKm,,9/29/2025,Support a Creator (Tech Tree Games),Purchase of event-boost,,$14.99,$1.20,Normal,fastspring
iU_n6gOU7IJBLUHYoVgLP,,9/29/2025,Support a Creator (Tech Tree Games),Purchase of galaxy-gem-pack,,$99.99,$8.00,Normal,fastspring
4Mz-EFhUhJH_s66J5jNz2,,9/29/2025,Support a Creator (Tech Tree Games),Purchase of massive-gem-pack,,$49.99,$4.00,Normal,fastspring
Ddft8j1ufJ_lml-gjyutV,,9/29/2025,Support a Creator (Tech Tree Games),Purchase of event-boost,,$12.19,$0.98,Normal,fastspring
4Zd88LM8OhH-9UCJc8m2B,,9/29/2025,Support a Creator (Tech Tree Games),Purchase of event-boost,,$12.19,$0.98,Normal,fastspring
T7VecXc4cUfY84Qk3MoHq,,9/29/2025,Support a Creator (Tech Tree Games),Purchase of event-boost,,$14.99,$0.75,Normal,apple
pQHAQyYSFA-bSIivG9aux,,9/29/2025,Support a Creator (Tech Tree Games),Purchase of event-boost,,$14.99,$1.20,Normal,fastspring
rjLxH12ajDecSEDiLVhBP,,9/29/2025,Support a Creator (Tech Tree Games),Purchase of event-boost,,$18.76,$0.94,Normal,google
QzvxjAfA1M2F92VtIrtb_,,9/29/2025,Support a Creator (Tech Tree Games),Purchase of event-boost,,$13.80,$1.10,Normal,fastspring
uHx9ASG4Mg1vfLTI1jZ6s,,9/29/2025,Support a Creator (Tech Tree Games),Purchase of galaxy-gem-pack,,$99.99,$8.00,Normal,fastspring
CHWSXKcIEmHKJhNXmzN4t,,9/29/2025,Support a Creator (Tech Tree Games),Purchase of event-boost,,$15.24,$1.22,Normal,fastspring
PJrxXUoEgwBSLBLvtDwa4,,9/29/2025,Support a Creator (Tech Tree Games),Purchase of event-boost,,$14.99,$0.75,Normal,apple
mG0r741AADI0NjQ1xQsXn,,9/29/2025,Support a Creator (Tech Tree Games),Purchase of event-boost,,$14.99,$0.75,Normal,google
BpPmQ5iDhRRBk7FsqJ_eK,,9/29/2025,Support a Creator (Tech Tree Games),Purchase of massive-gem-pack,,$49.99,$4.00,Normal,fastspring
72rydAiLS5TprGzUXYIl0,,9/29/2025,Support a Creator (Tech Tree Games),Purchase of milestones-premium-2,,$9.86,$0.79,Normal,fastspring
wiK5V64mzAONO5InMaLN9,,9/28/2025,Support a Creator (Tech Tree Games),Purchase of stone-pack-2,,$59.99,$4.80,Normal,fastspring
zPm0aJIJ18e5OgTRiC6bb,,9/28/2025,Support a Creator (Tech Tree Games),Purchase of stone-pack-2,,$59.99,$4.80,Normal,fastspring
H4BJ2_2-Rq_1mqrmRPXZb,,9/26/2025,Support a Creator (Tech Tree Games),Purchase of stone-pack-2,,$59.99,$4.80,Normal,fastspring
jUeHq0cFLmpkvDeoNCLNn,,9/26/2025,Support a Creator (Tech Tree Games),Purchase of milestones-premium-5,,$46.59,$3.73,Normal,fastspring
ywUoN8vtD6ch_FLg6XYOi,,9/25/2025,Support a Creator (Tech Tree Games),Purchase of milestones-premium-6,,$49.99,$2.50,Normal,apple
4P2qIQhojU0MMvTKgkWVd,,9/25/2025,Support a Creator (Tech Tree Games),Purchase of galaxy-gem-pack,,$99.26,$7.94,Normal,fastspring
1fUOJCskRVnQfXRwgBcGG,,9/25/2025,Support a Creator (Tech Tree Games),Purchase of milestones-premium-4,,$39.70,$3.18,Normal,fastspring
6WjTAWOe2o6-IcTJCdMUl,,9/25/2025,Support a Creator (Tech Tree Games),Purchase of galaxy-gem-pack,,$99.26,$7.94,Normal,fastspring
foXgaTXqgs760R64e3aBr,,9/25/2025,Support a Creator (Tech Tree Games),Purchase of galaxy-gem-pack,,$99.26,$7.94,Normal,fastspring
-KPvUFo-5gOBLWOPAxhtu,,9/25/2025,Support a Creator (Tech Tree Games),Purchase of galaxy-gem-pack,,$99.26,$7.94,Normal,fastspring
XZzB5WU738LH5dhC1WYxI,,9/25/2025,Support a Creator (Tech Tree Games),Purchase of galaxy-gem-pack,,$99.26,$7.94,Normal,fastspring
z3YOQf7b9gQe75k54IvOT,,9/25/2025,Support a Creator (Tech Tree Games),Purchase of galaxy-gem-pack,,$99.26,$7.94,Normal,fastspring
AHDSJrcUsn0GqR-11qYe2,,9/25/2025,Support a Creator (Tech Tree Games),Purchase of disable-ads,,$9.99,$0.80,Normal,fastspring
-Ah6Uf8GcAM2fKXI2Ccee,,9/25/2025,Support a Creator (Tech Tree Games),Purchase of galaxy-gem-pack,,$99.99,$8.00,Normal,fastspring
MmveMK1sA1aEi8tKD1E7w,,9/25/2025,Support a Creator (Tech Tree Games),Purchase of galaxy-gem-pack,,$99.99,$8.00,Normal,fastspring
1Qd9IDoexqgBA21rzagyU,,9/25/2025,Support a Creator (Tech Tree Games),Purchase of galaxy-gem-pack,,$99.99,$8.00,Normal,fastspring
RVCu7U1wcPe4cry8w4NeL,,9/25/2025,Support a Creator (Tech Tree Games),Purchase of galaxy-gem-pack,,$99.99,$8.00,Normal,fastspring
FST373LbZw6-pL-Ir8jTd,,9/24/2025,Support a Creator (Tech Tree Games),Purchase of stone-pack-2,,$59.99,$4.80,Normal,fastspring
bPhUepE3QP27abEW4R7vg,,9/24/2025,Support a Creator (Tech Tree Games),Purchase of event-boost,,$14.99,$0.75,Normal,google
XGvASszWPkDQdkmZtGa4d,,9/24/2025,Support a Creator (Tech Tree Games),Purchase of milestones-premium-3,,$37.55,$1.88,Normal,google
XM6GsFJj4mVwNSRZyl_pM,,9/24/2025,Support a Creator (Tech Tree Games),Purchase of galaxy-gem-pack,,$99.99,$8.00,Normal,fastspring
I8U041FenQhNNnv3HzsLt,,9/24/2025,Support a Creator (Tech Tree Games),Purchase of massive-gem-pack,,$49.99,$4.00,Normal,fastspring
ft-bTgCwzT6HrTyMKApmA,,9/23/2025,Support a Creator (Tech Tree Games),Purchase of galaxy-gem-pack,,$99.99,$5.00,Normal,google
dLJ9TMhYE_J5oWLtgYbJW,,9/22/2025,Support a Creator (Tech Tree Games),Purchase of starter-pack,,$9.99,$0.80,Normal,fastspring
2O2G-A8UzgGq-3jmpPhzr,,9/22/2025,Support a Creator (Tech Tree Games),Purchase of galaxy-gem-pack,,$99.99,$8.00,Normal,fastspring
Hl7DSN2VN2f4yJoBkXcXk,,9/22/2025,Support a Creator (Tech Tree Games),Purchase of stone-pack-2,,$62.25,$4.98,Normal,fastspring
NZJ1T2a5IJwV7Gq-mbIV-,,9/22/2025,Support a Creator (Tech Tree Games),Purchase of stone-pack-2,,$62.25,$4.98,Normal,fastspring
8yl_xrHDO6taC1Q2Tis-U,,9/22/2025,Support a Creator (Tech Tree Games),Purchase of stone-pack-2,,$62.25,$4.98,Normal,fastspring
JC6bK8v9SSWO5Acj2r4Kk,,9/22/2025,Support a Creator (Tech Tree Games),Purchase of stone-pack-2,,$62.25,$4.98,Normal,fastspring
4w1RscUhiRNe595t6Y_qi,,9/22/2025,Support a Creator (Tech Tree Games),Purchase of stone-pack-2,,$62.25,$4.98,Normal,fastspring
OiWc9vJgFlAdSDBoSO-SF,,9/22/2025,Support a Creator (Tech Tree Games),Purchase of milestones-premium-2,,$24.72,$1.24,Normal,google
Pf4MOLQtexaN6W-sakf4r,,9/21/2025,Support a Creator (Tech Tree Games),Purchase of stone-pack-2,,$59.99,$3.00,Normal,google
n183csi0Rsn4wxch670Or,,9/21/2025,Support a Creator (Tech Tree Games),Purchase of event-boost,,$14.99,$0.75,Normal,google
E6aEv2hUyxn2we7JztYWC,,9/21/2025,Support a Creator (Tech Tree Games),Purchase of event-boost,,$14.99,$0.75,Normal,google
uyBLURCOUcANrgPHwbx7f,,9/20/2025,Support a Creator (Tech Tree Games),Purchase of event-boost,,$15.16,$0.76,Normal,apple
QvwIudQ6cdAo-NYyBL6Gq,,9/20/2025,Support a Creator (Tech Tree Games),Purchase of stone-pack-2,,$65.94,$3.30,Normal,apple
UhQxSh-6Y5lu9G5STl3-S,,9/19/2025,Support a Creator (Tech Tree Games),Purchase of stone-pack-2,,$59.99,$3.00,Normal,google
9eTTxa-nDVgXkJ0jP_cGz,,9/19/2025,Support a Creator (Tech Tree Games),Purchase of stone-pack-2,,$72.73,$3.64,Normal,google
7-lijKcQYy1rt4vjaWPyO,,9/19/2025,Support a Creator (Tech Tree Games),Purchase of stone-pack-2,,$59.99,$3.00,Normal,apple
F4TefxVND7uZOkaoE7Ex1,,9/19/2025,Support a Creator (Tech Tree Games),Purchase of stone-pack-2,,$59.99,$3.00,Normal,google
l4LkE3oHnJURKAIi_tARa,,9/19/2025,Support a Creator (Tech Tree Games),Purchase of stone-pack-2,,$75.42,$3.77,Normal,apple
5bJES9K5uc4vaPEa1cWdI,,9/19/2025,Support a Creator (Tech Tree Games),Purchase of stone-pack-2,,$65.86,$3.29,Normal,apple
uDRtSZTA8rfMcLk7_hthB,,9/19/2025,Support a Creator (Tech Tree Games),Purchase of stone-pack-2,,$59.99,$3.00,Normal,google
H8Hwh1aFXC4S-vbV17T--,,9/18/2025,Support a Creator (Tech Tree Games),Purchase of stone-pack-2,,$70.71,$3.53,Normal,google
TQi5Ex2Rm7V6rLVfWE-9W,,9/18/2025,Support a Creator (Tech Tree Games),Purchase of stone-pack-2,,$69.83,$3.49,Normal,apple
vUCnY5LrdfI3DIyW_yeOx,,9/18/2025,Support a Creator (Tech Tree Games),Purchase of stone-pack-2,,$59.99,$3.00,Normal,google
fRsjy6xeBVOjKxJZiGGWB,,9/18/2025,Support a Creator (Tech Tree Games),Purchase of stone-pack-2,,$59.99,$3.00,Normal,apple
T8pFO4zw2cr7oa0GLqi7o,,9/18/2025,Support a Creator (Tech Tree Games),Purchase of stone-pack-2,,$60.15,$3.01,Normal,google
Fm4U7L2BWLCKDKh6FUN5A,,9/18/2025,Support a Creator (Tech Tree Games),Purchase of stone-pack-2,,$70.69,$3.53,Normal,google
9H81z5ADIgZxHh5QOIoNc,,9/18/2025,Support a Creator (Tech Tree Games),Purchase of stone-pack-2,,$59.99,$3.00,Normal,google
C_TDV_9kSl0lzeyHYaekv,,9/18/2025,Support a Creator (Tech Tree Games),Purchase of stone-pack-2,,$59.99,$3.00,Normal,google
zm5-JMTbT7N8rMXH152Vf,,9/18/2025,Support a Creator (Tech Tree Games),Purchase of stone-pack-2,,$59.99,$3.00,Normal,apple
hRJDHWSI3Bufxyt6PJzRl,,9/18/2025,Support a Creator (Tech Tree Games),Purchase of stone-pack-2,,$59.99,$3.00,Normal,apple
9vWZ2sHnp0wuPVDfwys1e,,9/18/2025,Support a Creator (Tech Tree Games),Purchase of stone-pack-2,,$57.98,$2.90,Normal,apple
i8UTVzNLzNCp6jaHGzf6r,,9/18/2025,Support a Creator (Tech Tree Games),Purchase of stone-pack-2,,$59.99,$3.00,Normal,apple
WkiD97lVCqEEUoiPGWxpU,,9/18/2025,Support a Creator (Tech Tree Games),Purchase of stone-pack-2,,$59.99,$3.00,Normal,google
jcm5RHZO_v0H1ukJPLW79,,9/18/2025,Support a Creator (Tech Tree Games),Purchase of milestones-premium-2,,$19.99,$1.60,Normal,fastspring
U7miMWt1I5bJ4frYniQ3B,,9/18/2025,Support a Creator (Tech Tree Games),Purchase of large-gem-pack,,$19.99,$1.00,Normal,apple
n9ClBKR2hNQYVmcHFdVoe,,9/18/2025,Support a Creator (Tech Tree Games),Purchase of large-gem-pack,,$19.99,$1.00,Normal,apple
TXRdcfJ6BDuxip_dSPAAh,,9/18/2025,Support a Creator (Tech Tree Games),Purchase of large-gem-pack,,$19.99,$1.00,Normal,apple
0ZvKK5Ui3o5uIXpT4jwQ3,,9/18/2025,Support a Creator (Tech Tree Games),Purchase of milestones-premium-1,,$11.78,$0.59,Normal,google
XxuwODsOXrTt4BOqiWyow,,9/17/2025,Support a Creator (Tech Tree Games),Purchase of event-boost,,$14.99,$0.75,Normal,apple
qEDvaLAdSSlUZ8XjkDHLK,,9/17/2025,Support a Creator (Tech Tree Games),Purchase of stone-pack-2,,$59.99,$4.80,Normal,fastspring
Yxp_fyXqh_nfwy8jTe5Gd,,9/17/2025,Support a Creator (Tech Tree Games),Purchase of galaxy-gem-pack,,$99.99,$8.00,Normal,fastspring
Y1k0FNzh7ATb64RYAZ6gJ,,9/17/2025,Support a Creator (Tech Tree Games),Purchase of galaxy-gem-pack,,$99.99,$8.00,Normal,fastspring
oNYGifwBgWKeh90O99Qm7,,9/17/2025,Support a Creator (Tech Tree Games),Purchase of galaxy-gem-pack,,$99.99,$8.00,Normal,fastspring
VWhRDtziXYdwSDAKpL5yn,,9/17/2025,Support a Creator (Tech Tree Games),Purchase of event-boost,,$19.05,$0.95,Normal,apple
mF2OnBwghGtbnE7Sura95,,9/17/2025,Support a Creator (Tech Tree Games),Purchase of event-boost,,$14.99,$0.75,Normal,google
DxuVD_daheKCsstQwuSyi,,9/17/2025,Support a Creator (Tech Tree Games),Purchase of galaxy-gem-pack,,$99.99,$5.00,Normal,google
KbE0bxfa3KlXPg6zb2dBK,,9/17/2025,Support a Creator (Tech Tree Games),Purchase of galaxy-gem-pack,,$99.99,$5.00,Normal,google
Zh4BJ39UajINUW0JF_xQi,,9/17/2025,Support a Creator (Tech Tree Games),Purchase of galaxy-gem-pack,,$99.99,$5.00,Normal,google
OD1ZTc2xzrcrXW5ynl3cp,,9/17/2025,Support a Creator (Tech Tree Games),Purchase of galaxy-gem-pack,,$99.99,$5.00,Normal,google
u4Vy_ifCa-atMNfvLAuNy,,9/17/2025,Support a Creator (Tech Tree Games),Purchase of galaxy-gem-pack,,$99.99,$5.00,Normal,google
CQT9BVJl0PHaXaRZOIYzN,,9/17/2025,Support a Creator (Tech Tree Games),Purchase of galaxy-gem-pack,,$99.99,$5.00,Normal,google
5sEHrSlUJdnp82j73eXIp,,9/17/2025,Support a Creator (Tech Tree Games),Purchase of event-boost,,$15.39,$1.23,Normal,fastspring
t_lgIWcdZ5YS_IiBrwKBI,,9/16/2025,Support a Creator (Tech Tree Games),Purchase of event-boost,,$14.99,$0.75,Normal,google
PdoAxuRw1ZeRfLRin6-1-,,9/16/2025,Support a Creator (Tech Tree Games),Purchase of event-boost,,$15.26,$0.76,Normal,google
5Si0OrsdgCXIw1B2kG6xm,,9/16/2025,Support a Creator (Tech Tree Games),Purchase of event-boost,,$14.99,$0.75,Normal,apple
pBkfhBXVIdO__xno0O_Fq,,9/16/2025,Support a Creator (Tech Tree Games),Purchase of milestones-premium-4,,$43.79,$2.19,Normal,apple
ZfC5i3voDEI4nwpn0hbHK,,9/16/2025,Support a Creator (Tech Tree Games),Purchase of galaxy-gem-pack,,$99.99,$8.00,Normal,fastspring
BOB1LOAG_tUxgafDjpVem,,9/16/2025,Support a Creator (Tech Tree Games),Purchase of milestones-premium-1,,$9.45,$0.76,Normal,fastspring
fTvsdznhGhphJpEFr-KMK,,9/16/2025,Support a Creator (Tech Tree Games),Purchase of milestones-premium-3,,$28.36,$2.27,Normal,fastspring
w3RWfWAzfSPViILJ076oo,,9/16/2025,Support a Creator (Tech Tree Games),Purchase of event-boost,,$13.81,$1.11,Normal,fastspring
zhhmZjMLx3I4iTwiJIRrZ,,9/16/2025,Support a Creator (Tech Tree Games),Purchase of milestones-premium-2,,$9.45,$0.76,Normal,fastspring
zRPQYQ0rdrIxOq3JO_2XR,,9/16/2025,Support a Creator (Tech Tree Games),Purchase of galaxy-gem-pack,,$84.53,$6.76,Normal,fastspring
KY9TtzzNxxcwC3R59P9Ir,,9/16/2025,Support a Creator (Tech Tree Games),Purchase of massive-gem-pack,,$49.99,$4.00,Normal,fastspring
8NPkpco7LSmVI7HZhOHsz,,9/16/2025,Support a Creator (Tech Tree Games),Purchase of event-boost,,$15.60,$1.25,Normal,fastspring
9J2WWpH82UGV7OsOFQ4Ar,,9/16/2025,Support a Creator (Tech Tree Games),Purchase of event-boost,,$14.99,$0.75,Normal,google
4Xn5e1LYZHBiCbBV-uuko,,9/16/2025,Support a Creator (Tech Tree Games),Purchase of galaxy-gem-pack,,$84.23,$6.74,Normal,fastspring
rWEcunx9arctf_ellNV1O,,9/16/2025,Support a Creator (Tech Tree Games),Purchase of event-boost,,$16.82,$0.84,Normal,google
Jz9EIziyImBruyW3gdOEh,,9/16/2025,Support a Creator (Tech Tree Games),Purchase of event-boost,,$18.44,$0.92,Normal,google
cv5TE5IiWetJYikdnyq1b,,9/16/2025,Support a Creator (Tech Tree Games),Purchase of event-boost,,$18.39,$0.92,Normal,google
pZHz6kY8Fql3--CJIfchg,,9/16/2025,Support a Creator (Tech Tree Games),Purchase of event-boost,,$18.58,$0.93,Normal,google
i664nD0cSTMPe6W4Kzk1x,,9/15/2025,Support a Creator (Tech Tree Games),Purchase of massive-gem-pack,,$49.99,$4.00,Normal,fastspring
X0fboaI-LQ1Ta4aiuvG2Q,,9/15/2025,Support a Creator (Tech Tree Games),Purchase of stone-pack-2,,$55.28,$4.42,Normal,fastspring
gA8SAo10Zr93xBI2_LyB9,,9/15/2025,Support a Creator (Tech Tree Games),Purchase of event-boost,,$14.99,$0.75,Normal,google
bi4KgxgHVKTs0obV_n03f,,9/15/2025,Support a Creator (Tech Tree Games),Purchase of event-boost,,$14.99,$1.20,Normal,fastspring
PInO-8tUOL5tAg5ujfIgZ,,9/15/2025,Support a Creator (Tech Tree Games),Purchase of event-boost,,$14.99,$0.75,Normal,apple
WvjeNIxDFhLkf45mxg0m2,,9/15/2025,Support a Creator (Tech Tree Games),Purchase of event-boost,,$14.99,$0.75,Normal,google
YKGK_ss8Q9hfwvTx7yDbu,,9/15/2025,Support a Creator (Tech Tree Games),Purchase of galaxy-gem-pack,,$84.23,$6.74,Normal,fastspring
hUWwhJ41N8jTAtPCTOhTx,,9/15/2025,Support a Creator (Tech Tree Games),Purchase of massive-gem-pack,,$49.99,$4.00,Normal,fastspring
iXMwCHS8Lr57j8VaBxfWP,,9/15/2025,Support a Creator (Tech Tree Games),Purchase of event-boost,,$14.99,$0.75,Normal,apple
RXPGRfMAUvI5GjU0aWtNd,,9/15/2025,Support a Creator (Tech Tree Games),Purchase of event-boost,,$14.99,$0.75,Normal,apple
8zhDatMy63VYcYNkl5yIt,,9/15/2025,Support a Creator (Tech Tree Games),Purchase of event-boost,,$14.99,$0.75,Normal,google
wzJqrsVgbX2y4RdjoT2qT,,9/15/2025,Support a Creator (Tech Tree Games),Purchase of galaxy-gem-pack,,$99.99,$8.00,Normal,fastspring
8P-Br6Qpbg1nSJ6Y0Iobv,,9/15/2025,Support a Creator (Tech Tree Games),Purchase of galaxy-gem-pack,,$99.99,$8.00,Normal,fastspring
9xqkmOkaoHn4v7qb1xPQZ,,9/15/2025,Support a Creator (Tech Tree Games),Purchase of galaxy-gem-pack,,$99.99,$8.00,Normal,fastspring
FydajfWtQBwjhMey3cG08,,9/15/2025,Support a Creator (Tech Tree Games),Purchase of galaxy-gem-pack,,$99.99,$8.00,Normal,fastspring
s3XXyBeLEFcIE09dehp_G,,9/15/2025,Support a Creator (Tech Tree Games),Purchase of galaxy-gem-pack,,$99.99,$8.00,Normal,fastspring
FKUm2kGpm2BhI-_pSHzJF,,9/15/2025,Support a Creator (Tech Tree Games),Purchase of event-boost,,$15.28,$1.22,Normal,fastspring
CpDwlPWU4lvOnLfYuCHi_,,9/15/2025,Support a Creator (Tech Tree Games),Purchase of event-boost,,$17.34,$0.87,Normal,google
YLtqNlxy6D5-atzxTfkfD,,9/15/2025,Support a Creator (Tech Tree Games),Purchase of event-boost,,$14.99,$0.75,Normal,google
R36YSlffhftLUxqYxF9pz,,9/15/2025,Support a Creator (Tech Tree Games),Purchase of event-boost,,$14.99,$0.75,Normal,google
RvKMhR6fI5HAoReji3PXQ,,9/15/2025,Support a Creator (Tech Tree Games),Purchase of event-boost,,$14.99,$0.75,Normal,google
IoK-bkxiqwpx2Gl0uNGuM,,9/15/2025,Support a Creator (Tech Tree Games),Purchase of event-boost,,$14.99,$0.75,Normal,google
ICDf-qDQGFqkYcw3ZvgL-,,9/15/2025,Support a Creator (Tech Tree Games),Purchase of event-boost,,$12.21,$0.98,Normal,fastspring
JNfY-XjvLmvTNkCN8qco-,,9/15/2025,Support a Creator (Tech Tree Games),Purchase of event-boost,,$14.99,$0.75,Normal,apple
hHjWz8u1jjaNNR6ZrzqSA,,9/15/2025,Support a Creator (Tech Tree Games),Purchase of event-boost,,$12.21,$0.98,Normal,fastspring
epmBCy8GnDWU4B3PMdyef,,9/15/2025,Support a Creator (Tech Tree Games),Purchase of event-boost,,$14.99,$0.75,Normal,apple
8fXB8G5RemnlwDWG-ClUz,,9/15/2025,Support a Creator (Tech Tree Games),Purchase of galaxy-gem-pack,,$99.99,$8.00,Normal,fastspring
FSJsyOcbmRCYLRk8Sf4MI,,9/15/2025,Support a Creator (Tech Tree Games),Purchase of event-boost,,$14.99,$1.20,Normal,fastspring
Y70SKHJj1aQaX4qfhdLx0,,9/15/2025,Support a Creator (Tech Tree Games),Purchase of galaxy-gem-pack,,$99.99,$8.00,Normal,fastspring
N-y58jdRtnfEpqeZepHzK,,9/15/2025,Support a Creator (Tech Tree Games),Purchase of galaxy-gem-pack,,$99.99,$8.00,Normal,fastspring
mrWk_KVpZLNxIRT83L73_,,9/15/2025,Support a Creator (Tech Tree Games),Purchase of galaxy-gem-pack,,$99.99,$8.00,Normal,fastspring
E-i2IBsGoKzhqanYuLIn_,,9/15/2025,Support a Creator (Tech Tree Games),Purchase of galaxy-gem-pack,,$99.99,$8.00,Normal,fastspring
7IOVsPHrZ9LK-xy7fgwgc,,9/15/2025,Support a Creator (Tech Tree Games),Purchase of extra-large-gem-pack,,$29.99,$2.40,Normal,fastspring
dy01xC3DZ0cw0l0i0ibLS,,9/15/2025,Support a Creator (Tech Tree Games),Purchase of galaxy-gem-pack,,$99.99,$8.00,Normal,fastspring
R2gltiBKt6IKy9cVwFThL,,9/15/2025,Support a Creator (Tech Tree Games),Purchase of galaxy-gem-pack,,$99.99,$8.00,Normal,fastspring
xPQ-3HbbxqgoYAOoh9H-q,,9/15/2025,Support a Creator (Tech Tree Games),Purchase of galaxy-gem-pack,,$84.24,$6.74,Normal,fastspring
CBv9qPSUQJnE4rXwmeWjQ,,9/15/2025,Support a Creator (Tech Tree Games),Purchase of galaxy-gem-pack,,$84.24,$6.74,Normal,fastspring
UKBJ6OdzPXj1E2zkrUqTD,,9/15/2025,Support a Creator (Tech Tree Games),Purchase of galaxy-gem-pack,,$84.24,$6.74,Normal,fastspring
oHLFETJGhhuV49i3cbXt5,,9/15/2025,Support a Creator (Tech Tree Games),Purchase of galaxy-gem-pack,,$84.24,$6.74,Normal,fastspring
D0mSnkEbUmtNoajplpKL9,,9/15/2025,Support a Creator (Tech Tree Games),Purchase of galaxy-gem-pack,,$84.24,$6.74,Normal,fastspring
pK5sihlwrYREv3T_NmFmy,,9/15/2025,Support a Creator (Tech Tree Games),Purchase of galaxy-gem-pack,,$84.24,$6.74,Normal,fastspring
Pij6Sgm_2ZzBgi17HMtmA,,9/15/2025,Support a Creator (Tech Tree Games),Purchase of galaxy-gem-pack,,$84.24,$6.74,Normal,fastspring
3Kh0k43hRCnA2VdaR02t4,,9/15/2025,Support a Creator (Tech Tree Games),Purchase of galaxy-gem-pack,,$84.24,$6.74,Normal,fastspring
QZdehV1T8G3PYiB7rKNy6,,9/15/2025,Support a Creator (Tech Tree Games),Purchase of galaxy-gem-pack,,$84.24,$6.74,Normal,fastspring
osStbL2nKEJUMMQ6h6Mi3,,9/15/2025,Support a Creator (Tech Tree Games),Purchase of galaxy-gem-pack,,$84.24,$6.74,Normal,fastspring
MOHoXvnJ42YjhgdAv1Vih,,9/15/2025,Support a Creator (Tech Tree Games),Purchase of galaxy-gem-pack,,$84.24,$6.74,Normal,fastspring
hqELSB4i15tpoXYxAcV39,,9/15/2025,Support a Creator (Tech Tree Games),Purchase of galaxy-gem-pack,,$84.24,$6.74,Normal,fastspring
NhpgTtvB6CDdAFdNTIDSZ,,9/15/2025,Support a Creator (Tech Tree Games),Purchase of galaxy-gem-pack,,$84.24,$6.74,Normal,fastspring
769RJ9sroCWxmhM67nSuS,,9/15/2025,Support a Creator (Tech Tree Games),Purchase of galaxy-gem-pack,,$84.24,$6.74,Normal,fastspring
ctdTNaFqgTYZe1OQ7hguV,,9/15/2025,Support a Creator (Tech Tree Games),Purchase of galaxy-gem-pack,,$84.24,$6.74,Normal,fastspring
yZ5rUwtaNLA-NEvJbjrR_,,9/15/2025,Support a Creator (Tech Tree Games),Purchase of galaxy-gem-pack,,$84.17,$6.73,Normal,fastspring
WuOpqnCcq9kNWJecWzLG7,,9/14/2025,Support a Creator (Tech Tree Games),Purchase of galaxy-gem-pack,,$98.54,$7.88,Normal,fastspring
Egu9X-3ewxIFnjYmX6UY7,,9/14/2025,Support a Creator (Tech Tree Games),Purchase of galaxy-gem-pack,,$98.54,$7.88,Normal,fastspring
y9JV_FwapIkFpTykVd1oP,,9/14/2025,Support a Creator (Tech Tree Games),Purchase of galaxy-gem-pack,,$98.54,$7.88,Normal,fastspring
msbMGqCj2i8xfIgbWrRoD,,9/14/2025,Support a Creator (Tech Tree Games),Purchase of galaxy-gem-pack,,$98.54,$7.88,Normal,fastspring
0dgZbzYe_RQDdw7CH07u8,,9/14/2025,Support a Creator (Tech Tree Games),Purchase of galaxy-gem-pack,,$98.54,$7.88,Normal,fastspring
J55M33lOGUyDHpFDY4v3l,,9/14/2025,Support a Creator (Tech Tree Games),Purchase of galaxy-gem-pack,,$98.54,$7.88,Normal,fastspring
sC6XK_2OXqcQdZXck3DBl,,9/14/2025,Support a Creator (Tech Tree Games),Purchase of galaxy-gem-pack,,$98.56,$7.89,Normal,fastspring
lSSU3EB7MLRXQ8wu_7hBJ,,9/14/2025,Support a Creator (Tech Tree Games),Purchase of galaxy-gem-pack,,$98.56,$7.89,Normal,fastspring
bJJwjsRqNZKwloxVuXf__,,9/14/2025,Support a Creator (Tech Tree Games),Purchase of galaxy-gem-pack,,$98.56,$7.89,Normal,fastspring
8l_B-rItutUNzuIBgg_8C,,9/14/2025,Support a Creator (Tech Tree Games),Purchase of galaxy-gem-pack,,$98.59,$7.89,Normal,fastspring
ohzygj_zqKqFO8p4yABAo,,9/14/2025,Support a Creator (Tech Tree Games),Purchase of galaxy-gem-pack,,$98.63,$7.89,Normal,fastspring
ZZWsbqKGxpZLBNUVa6tuL,,9/14/2025,Support a Creator (Tech Tree Games),Purchase of galaxy-gem-pack,,$98.60,$7.89,Normal,fastspring
Re-traTXNwS6qzNwAt8GC,,9/14/2025,Support a Creator (Tech Tree Games),Purchase of galaxy-gem-pack,,$98.57,$7.89,Normal,fastspring
XuGckeLXRt7xNr73N89JU,,9/14/2025,Support a Creator (Tech Tree Games),Purchase of galaxy-gem-pack,,$99.99,$5.00,Normal,google
1VUH-ztNo8cPeb-uAkqTr,,9/14/2025,Support a Creator (Tech Tree Games),Purchase of galaxy-gem-pack,,$98.51,$7.88,Normal,fastspring
1xbXDFlJ7nraTRHPRjBaX,,9/14/2025,Support a Creator (Tech Tree Games),Purchase of galaxy-gem-pack,,$98.52,$7.88,Normal,fastspring
0-zXBxw0Pj_ISuqajIMTX,,9/14/2025,Support a Creator (Tech Tree Games),Purchase of galaxy-gem-pack,,$98.50,$7.88,Normal,fastspring
v_XwvRcXKyfnNyzWqTuSZ,,9/14/2025,Support a Creator (Tech Tree Games),Purchase of galaxy-gem-pack,,$98.49,$7.88,Normal,fastspring
tONUk_Jal-rA54-hkRT1A,,9/14/2025,Support a Creator (Tech Tree Games),Purchase of galaxy-gem-pack,,$98.50,$7.88,Normal,fastspring
R-18pigzx79T5xvwKRTov,,9/14/2025,Support a Creator (Tech Tree Games),Purchase of galaxy-gem-pack,,$98.51,$7.88,Normal,fastspring
f75no_OhRIf-hOmvPqsDy,,9/14/2025,Support a Creator (Tech Tree Games),Purchase of galaxy-gem-pack,,$98.51,$7.88,Normal,fastspring
4Z4MdJSC8iW-cErrfcovF,,9/14/2025,Support a Creator (Tech Tree Games),Purchase of galaxy-gem-pack,,$98.47,$7.88,Normal,fastspring
s_I3JUmJ6d4lwRW_qz_Kp,,9/14/2025,Support a Creator (Tech Tree Games),Purchase of galaxy-gem-pack,,$98.47,$7.88,Normal,fastspring
Dfr4YtzRPChYg3cIOs53w,,9/14/2025,Support a Creator (Tech Tree Games),Purchase of galaxy-gem-pack,,$98.47,$7.88,Normal,fastspring
HiCnFzNvsqvZjy_KbPBcZ,,9/14/2025,Support a Creator (Tech Tree Games),Purchase of galaxy-gem-pack,,$99.99,$8.00,Normal,fastspring
oM1OWMZD8sEIJ7HJc2lgR,,9/14/2025,Support a Creator (Tech Tree Games),Purchase of galaxy-gem-pack,,$99.99,$8.00,Normal,fastspring
Nrem7HaUXfyzgdV5g-nTB,,9/14/2025,Support a Creator (Tech Tree Games),Purchase of galaxy-gem-pack,,$99.99,$8.00,Normal,fastspring
0J4zmV8Puy91pnI-By3hi,,9/14/2025,Support a Creator (Tech Tree Games),Purchase of galaxy-gem-pack,,$99.99,$8.00,Normal,fastspring
yHqvtXT_3YESANCLjYqYK,,9/14/2025,Support a Creator (Tech Tree Games),Purchase of galaxy-gem-pack,,$99.99,$8.00,Normal,fastspring
dvmcSzg28dTA-fClHwQcC,,9/14/2025,Support a Creator (Tech Tree Games),Purchase of galaxy-gem-pack,,$99.99,$8.00,Normal,fastspring
UELQNAQWzCRZo1uoJMTbn,,9/14/2025,Support a Creator (Tech Tree Games),Purchase of galaxy-gem-pack,,$99.99,$8.00,Normal,fastspring
flkLpZB_M0Lv7HsGSrzhU,,9/14/2025,Support a Creator (Tech Tree Games),Purchase of galaxy-gem-pack,,$99.99,$8.00,Normal,fastspring
DouPZUF2wyfX7WT2N1uXG,,9/14/2025,Support a Creator (Tech Tree Games),Purchase of galaxy-gem-pack,,$99.99,$8.00,Normal,fastspring
bWBbHulxwkNdUi0zToDLi,,9/14/2025,Support a Creator (Tech Tree Games),Purchase of galaxy-gem-pack,,$99.99,$8.00,Normal,fastspring
T7_wDoXuH5kcIco7w9SUL,,9/14/2025,Support a Creator (Tech Tree Games),Purchase of galaxy-gem-pack,,$83.69,$6.70,Normal,fastspring
24PI5asdmbe7NbYjxYtD0,,9/14/2025,Support a Creator (Tech Tree Games),Purchase of galaxy-gem-pack,,$83.69,$6.70,Normal,fastspring
0_Kz0tTsV3MBeEl7F9aEL,,9/14/2025,Support a Creator (Tech Tree Games),Purchase of galaxy-gem-pack,,$99.99,$5.00,Normal,google
spApwnMopNVKDEOO4OvvE,,9/14/2025,Support a Creator (Tech Tree Games),Purchase of galaxy-gem-pack,,$99.99,$8.00,Normal,fastspring
IvPP-PE_xvvLU7GsnXaTg,,9/13/2025,Support a Creator (Tech Tree Games),Purchase of milestones-premium-5,,$49.99,$4.00,Normal,fastspring
0RYEpTuzqh2Go7OVAkqWS,,9/13/2025,Support a Creator (Tech Tree Games),Purchase of galaxy-gem-pack,,$99.99,$8.00,Normal,fastspring
hij9JTL9lfxEOLwt6LMLp,,9/12/2025,Support a Creator (Tech Tree Games),Purchase of stone-pack-2,,$59.99,$4.80,Normal,fastspring
-WkqYnWMgib03t072tJhw,,9/12/2025,Support a Creator (Tech Tree Games),Purchase of stone-pack-2,,$59.99,$4.80,Normal,fastspring
bChhcvTdKex-xqI285qbG,,9/12/2025,Support a Creator (Tech Tree Games),Purchase of galaxy-gem-pack,,$98.23,$7.86,Normal,fastspring
tANHucEFzFVN4PKfBpcbD,,9/11/2025,Support a Creator (Tech Tree Games),Purchase of stone-pack-2,,$59.99,$4.80,Normal,fastspring
2Il3Oi9QlV8yeFIVM0WEt,,9/11/2025,Support a Creator (Tech Tree Games),Purchase of stone-pack-2,,$59.99,$4.80,Normal,fastspring
uZbAPIyOiabdFRJg6MFOu,,9/11/2025,Support a Creator (Tech Tree Games),Purchase of stone-pack-2,,$59.99,$4.80,Normal,fastspring
K699jrMGh4GiTVhvv66Kq,,9/11/2025,Support a Creator (Tech Tree Games),Purchase of stone-pack-2,,$59.81,$4.79,Normal,fastspring
UsFuLRipSlUV6CSs9S7Lw,,9/11/2025,Support a Creator (Tech Tree Games),Purchase of stone-pack-2,,$59.81,$4.79,Normal,fastspring
8IrS7-59Y--6ex-Th2zc5,,9/11/2025,Support a Creator (Tech Tree Games),Purchase of stone-pack-2,,$59.81,$4.79,Normal,fastspring
99AB2R4wC5fHtsGfpAHRJ,,9/11/2025,Support a Creator (Tech Tree Games),Purchase of stone-pack-2,,$59.99,$4.80,Normal,fastspring
15UsslzszfC5gCyTmwbi7,,9/11/2025,Support a Creator (Tech Tree Games),Purchase of galaxy-gem-pack,,$98.01,$7.84,Normal,fastspring
E0TH54qFyp9QKoWEjsNL9,,9/11/2025,Support a Creator (Tech Tree Games),Purchase of galaxy-gem-pack,,$97.94,$7.84,Normal,fastspring
Q-1tTzXCRP_vxCBcBAra4,,9/11/2025,Support a Creator (Tech Tree Games),Purchase of galaxy-gem-pack,,$97.94,$7.84,Normal,fastspring
EDlqBvenrDdodmlPz_XpW,,9/11/2025,Support a Creator (Tech Tree Games),Purchase of galaxy-gem-pack,,$97.94,$7.84,Normal,fastspring
kG70UtrNI_TqHsFzs27I0,,9/11/2025,Support a Creator (Tech Tree Games),Purchase of galaxy-gem-pack,,$97.84,$7.83,Normal,fastspring
OpQJALbNQjJ6vbZtJ3Luv,,9/10/2025,Support a Creator (Tech Tree Games),Purchase of event-boost,,$15.22,$0.76,Normal,apple
t2NhO2xLD4Nh_fVA84nBS,,9/10/2025,Support a Creator (Tech Tree Games),Purchase of galaxy-gem-pack,,$98.06,$7.85,Normal,fastspring
zXL5PayY61aPn4pPVnTmq,,9/10/2025,Support a Creator (Tech Tree Games),Purchase of galaxy-gem-pack,,$98.06,$7.85,Normal,fastspring
lrOGS8Ywl6dztzcNi7krU,,9/10/2025,Support a Creator (Tech Tree Games),Purchase of galaxy-gem-pack,,$98.06,$7.85,Normal,fastspring
AF9Gy1N-ZRMISWs5F3UjY,,9/10/2025,Support a Creator (Tech Tree Games),Purchase of galaxy-gem-pack,,$98.11,$7.85,Normal,fastspring
ich9f5InuWYrPj3ayh2ez,,9/9/2025,Support a Creator (Tech Tree Games),Purchase of galaxy-gem-pack,,$99.99,$8.00,Normal,fastspring
dJzRabuUusxEgYVVF_vzE,,9/9/2025,Support a Creator (Tech Tree Games),Purchase of extra-large-gem-pack,,$29.99,$2.40,Normal,fastspring
CFDjArjRXQNFsfghaLRnd,,9/8/2025,Support a Creator (Tech Tree Games),Purchase of stone-pack-2,,$54.75,$4.38,Normal,fastspring
8FwNgvAKg_k3_0cAOSv10,,9/8/2025,Support a Creator (Tech Tree Games),Purchase of stone-pack-2,,$59.99,$4.80,Normal,fastspring
Q7yZBogeeroHBGXa1TJ1v,,9/8/2025,Support a Creator (Tech Tree Games),Purchase of stone-pack-2,,$59.99,$4.80,Normal,fastspring
6nb45amCy0dgbMruLTCVW,,9/8/2025,Support a Creator (Tech Tree Games),Purchase of stone-pack-2,,$75.52,$3.77,Normal,apple
Qhe9eq8IPTeEILUDq2Ih7,,9/7/2025,Support a Creator (Tech Tree Games),Purchase of stone-pack-2,,$59.99,$3.00,Normal,google
SJNzsKuCxALmLFt0431Rc,,9/7/2025,Support a Creator (Tech Tree Games),Purchase of stone-pack-2,,$59.99,$3.00,Normal,apple
fcICmxXzhBTSAPYf7zu4f,,9/7/2025,Support a Creator (Tech Tree Games),Purchase of event-boost,,$14.99,$0.75,Normal,apple
7ruS39QT6jYw_KJeO1LOv,,9/6/2025,Support a Creator (Tech Tree Games),Purchase of event-boost,,$14.99,$0.75,Normal,google
_SXQ25blSwJYz859f-RtE,,9/6/2025,Support a Creator (Tech Tree Games),Purchase of stone-pack-2,,$59.74,$4.78,Normal,fastspring
KaVJzDrAakms7p6doLyl1,,9/6/2025,Support a Creator (Tech Tree Games),Purchase of stone-pack-2,,$59.74,$4.78,Normal,fastspring
dluQrJkoNwwk-7BRZVTcv,,9/6/2025,Support a Creator (Tech Tree Games),Purchase of starter-pack,,$10.53,$0.84,Normal,fastspring
9FFS3GIMzQlNlVZC_J9Ij,,9/5/2025,Support a Creator (Tech Tree Games),Purchase of stone-pack-2,,$59.99,$3.00,Normal,google
PynhrV45eJbOUwR-St94x,,9/5/2025,Support a Creator (Tech Tree Games),Purchase of galaxy-gem-pack,,$82.93,$6.63,Normal,fastspring
GecbmcrckNm-A11w_QU4n,,9/5/2025,Support a Creator (Tech Tree Games),Purchase of galaxy-gem-pack,,$82.93,$6.63,Normal,fastspring
l96IXeAjUb5ew7pagCEZh,,9/5/2025,Support a Creator (Tech Tree Games),Purchase of galaxy-gem-pack,,$82.93,$6.63,Normal,fastspring
ARlk0lGZxsknhxheLJEHP,,9/5/2025,Support a Creator (Tech Tree Games),Purchase of galaxy-gem-pack,,$82.93,$6.63,Normal,fastspring
qU6tjtYJuvnGgivf81VMA,,9/5/2025,Support a Creator (Tech Tree Games),Purchase of galaxy-gem-pack,,$82.93,$6.63,Normal,fastspring
7CBZQXzzwKiLh_-yriz3i,,9/5/2025,Support a Creator (Tech Tree Games),Purchase of galaxy-gem-pack,,$82.93,$6.63,Normal,fastspring
7o8g5n0s-s-EwUbFTiveE,,9/5/2025,Support a Creator (Tech Tree Games),Purchase of galaxy-gem-pack,,$82.93,$6.63,Normal,fastspring
9OrKZGlVB3MkyLlDW0FVP,,9/5/2025,Support a Creator (Tech Tree Games),Purchase of galaxy-gem-pack,,$82.93,$6.63,Normal,fastspring
6rMJWWRNj0OCO2I4b95pj,,9/5/2025,Support a Creator (Tech Tree Games),Purchase of galaxy-gem-pack,,$82.93,$6.63,Normal,fastspring
UQB9B20f8rDdvu_951piB,,9/5/2025,Support a Creator (Tech Tree Games),Purchase of galaxy-gem-pack,,$82.93,$6.63,Normal,fastspring
xGQlrYjyOhxEgoiUp3GAF,,9/5/2025,Support a Creator (Tech Tree Games),Purchase of galaxy-gem-pack,,$82.93,$6.63,Normal,fastspring
CEuUk3ZquAUEliEOynTI8,,9/5/2025,Support a Creator (Tech Tree Games),Purchase of galaxy-gem-pack,,$82.93,$6.63,Normal,fastspring
D44fPLQ-QjUPg2fio94ti,,9/5/2025,Support a Creator (Tech Tree Games),Purchase of galaxy-gem-pack,,$82.93,$6.63,Normal,fastspring
QJt_7qq92ZUauPQ134okE,,9/5/2025,Support a Creator (Tech Tree Games),Purchase of galaxy-gem-pack,,$82.93,$6.63,Normal,fastspring
xcn4DqT5WcjVNaR0ZOUmR,,9/5/2025,Support a Creator (Tech Tree Games),Purchase of galaxy-gem-pack,,$82.93,$6.63,Normal,fastspring
LJP2Y1jo84e6uGU1cL2rH,,9/5/2025,Support a Creator (Tech Tree Games),Purchase of stone-pack-2,,$59.99,$3.00,Normal,google
kVmpNeDZpf7vENvlrlIA_,,9/5/2025,Support a Creator (Tech Tree Games),Purchase of stone-pack-2,,$59.99,$3.00,Normal,google
nxhQr8FuW1WaendfUrbhz,,9/5/2025,Support a Creator (Tech Tree Games),Purchase of stone-pack-2,,$72.65,$3.63,Normal,google
ya0QpESWz_-GVKNTO7lCS,,9/4/2025,Support a Creator (Tech Tree Games),Purchase of event-boost,,$18.17,$0.91,Normal,google
RtXRXnWPoHp1Gip7Z1K7q,,9/4/2025,Support a Creator (Tech Tree Games),Purchase of stone-pack-2,,$59.99,$3.00,Normal,apple
ZKnEGIboTYS9jwxub-NE9,,9/4/2025,Support a Creator (Tech Tree Games),Purchase of stone-pack-2,,$59.99,$3.00,Normal,apple
W5SG36tZ5x8b3dGMWJmm5,,9/4/2025,Support a Creator (Tech Tree Games),Purchase of stone-pack-2,,$59.99,$3.00,Normal,google
0vZ9chUlbY32HdEWfWp9d,,9/4/2025,Support a Creator (Tech Tree Games),Purchase of event-boost,,$15.20,$0.76,Normal,google
WxVDcBF0gN2r2zgT0uCZ3,,9/4/2025,Support a Creator (Tech Tree Games),Purchase of stone-pack-2,,$60.08,$3.00,Normal,google
1p-NwX4rwCKfzQEO-4Sib,,9/4/2025,Support a Creator (Tech Tree Games),Purchase of stone-pack-2,,$59.99,$3.00,Normal,google
-fGuCo9Q4K6nLC8ibKHKG,,9/4/2025,Support a Creator (Tech Tree Games),Purchase of stone-pack-2,,$59.99,$3.00,Normal,google
YS029fnE_mZ1XkInTCtpv,,9/4/2025,Support a Creator (Tech Tree Games),Purchase of stone-pack-2,,$59.99,$3.00,Normal,google
tBxLen6lv_X-UkH4LF08F,,9/4/2025,Support a Creator (Tech Tree Games),Purchase of stone-pack-2,,$69.92,$3.49,Normal,google
shZKIjmJ_xXyyinRsWUpW,,9/4/2025,Support a Creator (Tech Tree Games),Purchase of stone-pack-2,,$59.99,$3.00,Normal,google
9pxR2wHBaO2KGPpnpfzA_,,9/4/2025,Support a Creator (Tech Tree Games),Purchase of disable-ads,,$9.99,$0.80,Normal,fastspring
MGfDPWCnU994xRXidhqix,,9/4/2025,Support a Creator (Tech Tree Games),Purchase of event-boost,,$14.99,$0.75,Normal,google
h0AignvuFExv1vXRN2NZp,,9/4/2025,Support a Creator (Tech Tree Games),Purchase of massive-gem-pack,,$49.99,$4.00,Normal,fastspring
KyTi109sVEq8MBO7BtxCA,,9/3/2025,Support a Creator (Tech Tree Games),Purchase of special-bundle-30,,$24.57,$1.97,Normal,fastspring
Znd19deTdYfp7xvzrrwXQ,,9/3/2025,Support a Creator (Tech Tree Games),Purchase of special-bundle-30,,$24.57,$1.97,Normal,fastspring
iXls7U8RRHpt9NynusLSZ,,9/3/2025,Support a Creator (Tech Tree Games),Purchase of stone-pack-2,,$47.87,$3.83,Normal,fastspring
HN0SKR4b_xHsCodJVy_99,,9/3/2025,Support a Creator (Tech Tree Games),Purchase of special-bundle-30,,$24.57,$1.97,Normal,fastspring
Ogkp7Wp_584YhYryCqu0E,,9/3/2025,Support a Creator (Tech Tree Games),Purchase of stone-pack-2,,$47.87,$3.83,Normal,fastspring
bWngvj5yv0SSG06ydNE0Y,,9/3/2025,Support a Creator (Tech Tree Games),Purchase of stone-pack-2,,$47.87,$3.83,Normal,fastspring
8T1KVy3AmqARIvl0lR-7h,,9/3/2025,Support a Creator (Tech Tree Games),Purchase of stone-pack-2,,$47.87,$3.83,Normal,fastspring
8C-fLMTE5a_G_Nkyo7Oqu,,9/3/2025,Support a Creator (Tech Tree Games),Purchase of stone-pack-2,,$47.87,$3.83,Normal,fastspring
3Pp-bdAZZvt7mH9F2MzE-,,9/3/2025,Support a Creator (Tech Tree Games),Purchase of event-boost,,$14.99,$0.75,Normal,google
cP5gGD7gMG-tphb5H2EWg,,9/3/2025,Support a Creator (Tech Tree Games),Purchase of special-bundle-30,,$31.73,$2.54,Normal,fastspring
i138VoCtc6bfBY9KrtMnt,,9/3/2025,Support a Creator (Tech Tree Games),Purchase of special-bundle-30,,$31.73,$2.54,Normal,fastspring
SENn7uAiew6vjxbcRkCHw,,9/3/2025,Support a Creator (Tech Tree Games),Purchase of event-boost,,$18.66,$0.93,Normal,apple
TtRybnki2WBm4-qpTpgvF,,9/2/2025,Support a Creator (Tech Tree Games),Purchase of event-boost,,$14.99,$0.75,Normal,google
vfhYVEHO4M9FFpU9h54S9,,9/2/2025,Support a Creator (Tech Tree Games),Purchase of stone-pack-2,,$61.40,$4.91,Normal,fastspring
Ho61i2TYfnc1tTA9XHX6D,,9/2/2025,Support a Creator (Tech Tree Games),Purchase of stone-pack-2,,$61.40,$4.91,Normal,fastspring
kfzmjq47dwY9LJJwVAjMP,,9/2/2025,Support a Creator (Tech Tree Games),Purchase of stone-pack-2,,$61.40,$4.91,Normal,fastspring
PTY1jM_KdDcf7gYB3qVk9,,9/2/2025,Support a Creator (Tech Tree Games),Purchase of stone-pack-2,,$61.40,$4.91,Normal,fastspring
N1jwDhppw_PZpKjyopcHN,,9/2/2025,Support a Creator (Tech Tree Games),Purchase of stone-pack-2,,$61.40,$4.91,Normal,fastspring
jsj0EFJmUN504ibZ1TDj3,,9/2/2025,Support a Creator (Tech Tree Games),Purchase of special-bundle-30,,$29.99,$2.40,Normal,fastspring
kKRGa7xRhSGIGo-bwBbH6,,9/2/2025,Support a Creator (Tech Tree Games),Purchase of event-boost,,$14.99,$0.75,Normal,apple
00UMLI2jpwEivkZqwZk6k,,9/2/2025,Support a Creator (Tech Tree Games),Purchase of event-boost,,$14.99,$0.75,Normal,apple
ZAF47e5ego2nXVsOrkaF1,,9/2/2025,Support a Creator (Tech Tree Games),Purchase of event-boost,,$14.99,$0.75,Normal,google
FRkc7-5KlD2fGboCPHwzm,,9/2/2025,Support a Creator (Tech Tree Games),Purchase of stone-pack-2,,$59.99,$4.80,Normal,fastspring
Sky6AMNzjONjMpUlrFPQZ,,9/2/2025,Support a Creator (Tech Tree Games),Purchase of stone-pack-2,,$59.99,$4.80,Normal,fastspring
OP_46xlJc2mCh_4DdgUBu,,9/2/2025,Support a Creator (Tech Tree Games),Purchase of stone-pack-2,,$59.99,$4.80,Normal,fastspring
YEdvH_BNyk6Wo8Ehzad0T,,9/2/2025,Support a Creator (Tech Tree Games),Purchase of stone-pack-2,,$59.99,$4.80,Normal,fastspring
SwHdIl3nEXv_1C__rgP3T,,9/2/2025,Support a Creator (Tech Tree Games),Purchase of stone-pack-2,,$59.99,$4.80,Normal,fastspring
8ctiEymh1EnTHbd4axuDN,,9/2/2025,Support a Creator (Tech Tree Games),Purchase of event-boost,,$16.98,$0.85,Normal,google
LYXhD1C-HvF3ne40vm8yj,,9/1/2025,Support a Creator (Tech Tree Games),Purchase of event-boost,,$18.38,$0.92,Normal,google
jYEaQh4Ia9_JRr9kB3fV6,,9/1/2025,Support a Creator (Tech Tree Games),Purchase of event-boost,,$14.99,$0.75,Normal,google
pE9qUhJQrn0dMBbhjRfDd,,9/1/2025,Support a Creator (Tech Tree Games),Purchase of event-boost,,$14.99,$0.75,Normal,google
Zyc2w3f8VBTJSEqpAiyWf,,9/1/2025,Support a Creator (Tech Tree Games),Purchase of event-boost,,$14.99,$1.20,Normal,fastspring
7p1gC9v9n5UuFpeFlBiVZ,,9/1/2025,Support a Creator (Tech Tree Games),Purchase of event-boost,,$11.93,$0.95,Normal,fastspring
ZP24jQSKQVdozMVMiBtpC,,9/1/2025,Support a Creator (Tech Tree Games),Purchase of stone-pack-2,,$59.99,$4.80,Normal,fastspring
-EVrhzuRF3dAc5yXDwReI,,9/1/2025,Support a Creator (Tech Tree Games),Purchase of stone-pack-2,,$59.99,$4.80,Normal,fastspring
GGxMvnl64LmKYMFDt1LcY,,9/1/2025,Support a Creator (Tech Tree Games),Purchase of stone-pack-2,,$59.99,$4.80,Normal,fastspring
bMALV-V-AtO6tNC6LXx1p,,9/1/2025,Support a Creator (Tech Tree Games),Purchase of stone-pack-2,,$59.99,$4.80,Normal,fastspring
7WpCMPy3LaVmGBr3Zmb2R,,9/1/2025,Support a Creator (Tech Tree Games),Purchase of stone-pack-2,,$59.99,$4.80,Normal,fastspring
UGygw2PIHm7i9WEbV7eWm,,9/1/2025,Support a Creator (Tech Tree Games),Purchase of event-boost,,$14.99,$0.75,Normal,google
Va-4v27-c4E0uVV60WqfV,,9/1/2025,Support a Creator (Tech Tree Games),Purchase of event-boost,,$15.56,$1.24,Normal,fastspring
JNeFuCw7zmGVG6pl5optq,,9/1/2025,Support a Creator (Tech Tree Games),Purchase of event-boost,,$14.99,$0.75,Normal,google
IynR557oJlaceG5kx9Ff0,,9/1/2025,Support a Creator (Tech Tree Games),Purchase of event-boost,,$14.99,$1.20,Normal,fastspring
Q8ZFNuNMAKB0HpJPJ-465,,9/1/2025,Support a Creator (Tech Tree Games),Purchase of event-boost,,$15.22,$1.22,Normal,fastspring
uD4bZIfTCm3x_p35VX-pu,,9/1/2025,Support a Creator (Tech Tree Games),Purchase of event-boost,,$14.99,$0.75,Normal,apple
8TeMd578nYVVfcW2wHSrn,,9/1/2025,Support a Creator (Tech Tree Games),Purchase of stone-pack-2,,$54.40,$4.35,Normal,fastspring
lokSKVBvlMsV3IZaNnriW,,9/1/2025,Support a Creator (Tech Tree Games),Purchase of stone-pack-2,,$54.40,$4.35,Normal,fastspring
mVOKen-ppIpOpapjJQLGP,,9/1/2025,Support a Creator (Tech Tree Games),Purchase of stone-pack-2,,$54.40,$4.35,Normal,fastspring
Xcc3f26XDPFwrF6ktk3UU,,9/1/2025,Support a Creator (Tech Tree Games),Purchase of stone-pack-2,,$54.40,$4.35,Normal,fastspring
SFM3EH3dwEnco8-oOTE9M,,9/1/2025,Support a Creator (Tech Tree Games),Purchase of stone-pack-2,,$54.40,$4.35,Normal,fastspring
yLOCdmzMiUqIuCN1r9i8c,,9/1/2025,Support a Creator (Tech Tree Games),Purchase of stone-pack-2,,$59.99,$4.80,Normal,fastspring
cTv3nV0uTTzMdBUwgQyj5,,9/1/2025,Support a Creator (Tech Tree Games),Purchase of special-bundle-30,,$29.99,$2.40,Normal,fastspring
xrezMYh7wErRK-DxrQIt7,,9/1/2025,Support a Creator (Tech Tree Games),Purchase of special-bundle-30,,$29.99,$2.40,Normal,fastspring
veT04-ezNaqktLaa4yROV,,9/1/2025,Support a Creator (Tech Tree Games),Purchase of stone-pack-2,,$59.99,$4.80,Normal,fastspring
6Hk1-cb4gCsKeaHYFCsfD,,9/1/2025,Support a Creator (Tech Tree Games),Purchase of stone-pack-2,,$59.99,$4.80,Normal,fastspring
hJgUJTD3LE343oiDlZCQH,,9/1/2025,Support a Creator (Tech Tree Games),Purchase of stone-pack-2,,$59.99,$4.80,Normal,fastspring
6ZC3tcPu-xVqWxgaKrL8m,,9/1/2025,Support a Creator (Tech Tree Games),Purchase of stone-pack-2,,$59.99,$4.80,Normal,fastspring
kgY9dxOY52YNDbu4CzoX1,,9/1/2025,Support a Creator (Tech Tree Games),Purchase of stone-pack-2,,$59.99,$4.80,Normal,fastspring
F01eJZneiPJsuKwp6ckoC,,9/1/2025,Support a Creator (Tech Tree Games),Purchase of stone-pack-2,,$59.99,$4.80,Normal,fastspring
o3I6IN3XDXvA-XfiqMyae,,9/1/2025,Support a Creator (Tech Tree Games),Purchase of stone-pack-2,,$59.99,$4.80,Normal,fastspring
_HdkaOZfr_hyYnE_Sq9aT,,9/1/2025,Support a Creator (Tech Tree Games),Purchase of stone-pack-2,,$48.10,$3.85,Normal,fastspring
oiXNn-gl5qNbOk2-i_mu7,,9/1/2025,Support a Creator (Tech Tree Games),Purchase of stone-pack-2,,$48.10,$3.85,Normal,fastspring
DhPn8__AMyCaqGceU93l9,,9/1/2025,Support a Creator (Tech Tree Games),Purchase of stone-pack-2,,$48.10,$3.85,Normal,fastspring
OdnWqrWYP7eCISRNFRi2-,,9/1/2025,Support a Creator (Tech Tree Games),Purchase of stone-pack-2,,$48.10,$3.85,Normal,fastspring
tigUhOVaDN_eEQzpZe7_u,,9/1/2025,Support a Creator (Tech Tree Games),Purchase of stone-pack-2,,$48.10,$3.85,Normal,fastspring
SDvR3zJZq61SbrANXpNpA,,9/1/2025,Support a Creator (Tech Tree Games),Purchase of stone-pack-2,,$54.43,$4.35,Normal,fastspring
uJlOVmKl4r_yZ80mflF0s,,9/1/2025,Support a Creator (Tech Tree Games),Purchase of stone-pack-2,,$54.43,$4.35,Normal,fastspring
ObFeUtq1qyta-ZAJZu9SM,,8/31/2025,Support a Creator (Tech Tree Games),Purchase of stone-pack-2,,$47.99,$3.84,Normal,fastspring
aDmDzwyyL_eMq2C-EIXQl,,8/31/2025,Support a Creator (Tech Tree Games),Purchase of stone-pack-2,,$47.99,$3.84,Normal,fastspring
0oYReKRpUxxyqfeSYUxuv,,8/31/2025,Support a Creator (Tech Tree Games),Purchase of stone-pack-2,,$47.99,$3.84,Normal,fastspring
Onbbwf7eaFPf81bEW-eyU,,8/31/2025,Support a Creator (Tech Tree Games),Purchase of stone-pack-2,,$47.99,$3.84,Normal,fastspring
2w4TYyCVxPzYyhLtK2Qgz,,8/31/2025,Support a Creator (Tech Tree Games),Purchase of stone-pack-2,,$47.99,$3.84,Normal,fastspring
RBYemXuouVB3Ebiom1qaq,,8/31/2025,Support a Creator (Tech Tree Games),Purchase of stone-pack-2,,$59.99,$4.80,Normal,fastspring
gMZpxXkxJfp6obba0Jdp3,,8/31/2025,Support a Creator (Tech Tree Games),Purchase of stone-pack-2,,$59.99,$4.80,Normal,fastspring
ZMGkhkRTvGOGxNJqmgEqi,,8/31/2025,Support a Creator (Tech Tree Games),Purchase of stone-pack-2,,$59.99,$4.80,Normal,fastspring
TXS0SvfkZky5jA3iDwpLX,,8/31/2025,Support a Creator (Tech Tree Games),Purchase of stone-pack-2,,$59.99,$4.80,Normal,fastspring
jwOFCrgl3ROcGmRLye4hc,,8/31/2025,Support a Creator (Tech Tree Games),Purchase of stone-pack-2,,$59.99,$4.80,Normal,fastspring
YCTYFInOfdMDNBDCPjhM5,,8/31/2025,Support a Creator (Tech Tree Games),Purchase of stone-pack-2,,$59.99,$4.80,Normal,fastspring
Ch_onUH05PW3buy8b7En_,,8/31/2025,Support a Creator (Tech Tree Games),Purchase of stone-pack-2,,$59.71,$4.78,Normal,fastspring
K-hYNLggfnzo5Zc3egy67,,8/31/2025,Support a Creator (Tech Tree Games),Purchase of stone-pack-2,,$59.71,$4.78,Normal,fastspring
a4BxYCwRiQrOiSsjuUXKH,,8/31/2025,Support a Creator (Tech Tree Games),Purchase of stone-pack-2,,$59.71,$4.78,Normal,fastspring
tW3htCvgUjRW72LVujowe,,8/31/2025,Support a Creator (Tech Tree Games),Purchase of stone-pack-2,,$59.71,$4.78,Normal,fastspring
6GwaT9Qzu_OepZE9ph8K_,,8/31/2025,Support a Creator (Tech Tree Games),Purchase of stone-pack-2,,$59.71,$4.78,Normal,fastspring
UdMdI9hu5C6cKuFBCf4O_,,8/31/2025,Support a Creator (Tech Tree Games),Purchase of stone-pack-2,,$59.70,$4.78,Normal,fastspring
zj39IQdQXrI0SmsXwRKdp,,8/31/2025,Support a Creator (Tech Tree Games),Purchase of stone-pack-2,,$59.70,$4.78,Normal,fastspring
lY3gpSXoXdiH1X6V5W8eq,,8/31/2025,Support a Creator (Tech Tree Games),Purchase of stone-pack-2,,$59.70,$4.78,Normal,fastspring
qgR72-S2wo7cDn_TRhHip,,8/31/2025,Support a Creator (Tech Tree Games),Purchase of stone-pack-2,,$59.70,$4.78,Normal,fastspring
42xOX6Zu3dcHJDOb7gS_C,,8/31/2025,Support a Creator (Tech Tree Games),Purchase of stone-pack-2,,$59.70,$4.78,Normal,fastspring
c82K7EStXieqvkm_8Uy2U,,8/31/2025,Support a Creator (Tech Tree Games),Purchase of stone-pack-2,,$48.05,$3.84,Normal,fastspring
b65wwF3pW1XdHz6djsoqC,,8/31/2025,Support a Creator (Tech Tree Games),Purchase of stone-pack-2,,$48.05,$3.84,Normal,fastspring
WcjhhA7ttlPUyd0bxYNQc,,8/31/2025,Support a Creator (Tech Tree Games),Purchase of stone-pack-2,,$48.05,$3.84,Normal,fastspring
bgtGqZOM_8uJEfHEgJsS2,,8/31/2025,Support a Creator (Tech Tree Games),Purchase of stone-pack-2,,$48.05,$3.84,Normal,fastspring
IkoZv7PgX1Vvx-ZCjy7HQ,,8/31/2025,Support a Creator (Tech Tree Games),Purchase of stone-pack-2,,$48.05,$3.84,Normal,fastspring
KAe68SOXAXPEwmBcnQFeM,,8/31/2025,Support a Creator (Tech Tree Games),Purchase of special-bundle-30,,$24.66,$1.97,Normal,fastspring
n2cH6IA5pJhjtQQzkN2XE,,8/31/2025,Support a Creator (Tech Tree Games),Purchase of special-bundle-30,,$24.66,$1.97,Normal,fastspring
eGVJTUUVjV7osjWwJBxN3,,8/31/2025,Support a Creator (Tech Tree Games),Purchase of special-bundle-30,,$24.66,$1.97,Normal,fastspring
VkGDnGML9XWa_7zJgn_QH,,8/31/2025,Support a Creator (Tech Tree Games),Purchase of stone-pack-2,,$59.99,$4.80,Normal,fastspring
GeifwZu-NfsF50j3xpceO,,8/31/2025,Support a Creator (Tech Tree Games),Purchase of stone-pack-2,,$59.99,$4.80,Normal,fastspring
Q68K-1WxjcKXEQok_IMSr,,8/31/2025,Support a Creator (Tech Tree Games),Purchase of stone-pack-2,,$59.99,$4.80,Normal,fastspring
vVOYtxNeLoXc6Yl5T0E_W,,8/31/2025,Support a Creator (Tech Tree Games),Purchase of stone-pack-2,,$59.99,$4.80,Normal,fastspring
_SNVpgE7ZDAFnIhbWzDB7,,8/31/2025,Support a Creator (Tech Tree Games),Purchase of stone-pack-2,,$59.99,$4.80,Normal,fastspring
s-1Qs9SZYO8bvtz8o23sk,,8/31/2025,Support a Creator (Tech Tree Games),Purchase of stone-pack-2,,$48.04,$3.84,Normal,fastspring
-aUjBQDuKUn1ql373GqNw,,8/31/2025,Support a Creator (Tech Tree Games),Purchase of stone-pack-2,,$48.04,$3.84,Normal,fastspring
6qivZe_YO8ATI7ucX0jAI,,8/31/2025,Support a Creator (Tech Tree Games),Purchase of stone-pack-2,,$48.04,$3.84,Normal,fastspring
LPYrtTje0LgS6zPH3kU-u,,8/31/2025,Support a Creator (Tech Tree Games),Purchase of stone-pack-2,,$48.04,$3.84,Normal,fastspring
3zGf6GKxSc57VtydKrPHE,,8/31/2025,Support a Creator (Tech Tree Games),Purchase of stone-pack-2,,$48.04,$3.84,Normal,fastspring
VVdpQiSpu5gJWoygUMM0f,,8/31/2025,Support a Creator (Tech Tree Games),Purchase of stone-pack-2,,$59.99,$4.80,Normal,fastspring
BIydrYmlCC9KO1lSZ3lGS,,8/31/2025,Support a Creator (Tech Tree Games),Purchase of stone-pack-2,,$59.99,$4.80,Normal,fastspring
0jjjOcvgtL-iQjBfH1T2P,,8/31/2025,Support a Creator (Tech Tree Games),Purchase of stone-pack-2,,$59.99,$4.80,Normal,fastspring
d-EXUF_NW05qPYIIzNI6Q,,8/31/2025,Support a Creator (Tech Tree Games),Purchase of stone-pack-2,,$59.99,$4.80,Normal,fastspring
vY8qVEZPpDqdglkTcHPOU,,8/31/2025,Support a Creator (Tech Tree Games),Purchase of stone-pack-2,,$59.99,$4.80,Normal,fastspring
bk1JwGE0rWZFXZ5vvIpnE,,8/31/2025,Support a Creator (Tech Tree Games),Purchase of stone-pack-2,,$59.99,$4.80,Normal,fastspring
hotoPyS0shmpGTzufTscm,,8/31/2025,Support a Creator (Tech Tree Games),Purchase of stone-pack-2,,$59.99,$4.80,Normal,fastspring
pckCxmUOcUIAypi0IwaTF,,8/31/2025,Support a Creator (Tech Tree Games),Purchase of stone-pack-2,,$59.99,$4.80,Normal,fastspring
FyGcByBdzEivz1LBd9a45,,8/31/2025,Support a Creator (Tech Tree Games),Purchase of stone-pack-2,,$59.99,$4.80,Normal,fastspring
1xm4tEjxEg7hyOU1uB07p,,8/31/2025,Support a Creator (Tech Tree Games),Purchase of stone-pack-2,,$59.99,$4.80,Normal,fastspring
blQMcwR3NakbyTXFQ7u_1,,8/31/2025,Support a Creator (Tech Tree Games),Purchase of stone-pack-2,,$48.01,$3.84,Normal,fastspring
BNjEAnVRyPth7ImwtPm-Q,,8/31/2025,Support a Creator (Tech Tree Games),Purchase of stone-pack-2,,$48.01,$3.84,Normal,fastspring
G_4qWaC6S8rp1MRs0Vh86,,8/31/2025,Support a Creator (Tech Tree Games),Purchase of stone-pack-2,,$48.01,$3.84,Normal,fastspring
2ACU85k58WiEAvUastduS,,8/31/2025,Support a Creator (Tech Tree Games),Purchase of stone-pack-2,,$48.01,$3.84,Normal,fastspring
NcCDjl7v3whuJOCfv7zLE,,8/31/2025,Support a Creator (Tech Tree Games),Purchase of stone-pack-2,,$48.01,$3.84,Normal,fastspring
nl9C2iIEIK0EKYAfsiES9,,8/31/2025,Support a Creator (Tech Tree Games),Purchase of stone-pack-2,,$54.29,$4.34,Normal,fastspring
bdUYlzaxYsXLwW6tIygVR,,8/31/2025,Support a Creator (Tech Tree Games),Purchase of stone-pack-2,,$54.29,$4.34,Normal,fastspring
B8t2bZse3ZCXTc1p1ChSj,,8/31/2025,Support a Creator (Tech Tree Games),Purchase of stone-pack-2,,$48.02,$3.84,Normal,fastspring
InUcDXlFcaQIZcuOT6ZHI,,8/31/2025,Support a Creator (Tech Tree Games),Purchase of stone-pack-2,,$48.02,$3.84,Normal,fastspring
3Ft3wu7v7VStCFurUknKM,,8/31/2025,Support a Creator (Tech Tree Games),Purchase of stone-pack-2,,$48.02,$3.84,Normal,fastspring
7nM8RPfBq_Vnw-abxkWg-,,8/31/2025,Support a Creator (Tech Tree Games),Purchase of stone-pack-2,,$48.02,$3.84,Normal,fastspring
iU7kP6ZzRKn4MeZ3e33ck,,8/31/2025,Support a Creator (Tech Tree Games),Purchase of stone-pack-2,,$48.02,$3.84,Normal,fastspring
WakXGHoZWMdkALtpAvMJF,,8/31/2025,Support a Creator (Tech Tree Games),Purchase of stone-pack-2,,$59.99,$4.80,Normal,fastspring
os2Mpk_EArs0CDaRCqkAL,,8/31/2025,Support a Creator (Tech Tree Games),Purchase of stone-pack-2,,$59.99,$4.80,Normal,fastspring
OrB8JMPof0tPcVD9hZmG8,,8/31/2025,Support a Creator (Tech Tree Games),Purchase of stone-pack-2,,$59.99,$4.80,Normal,fastspring
MO43HvL2pZA3HhZmeHwy2,,8/31/2025,Support a Creator (Tech Tree Games),Purchase of stone-pack-2,,$59.99,$4.80,Normal,fastspring
qHkZ7rfkeESwUYRv8LlQ2,,8/31/2025,Support a Creator (Tech Tree Games),Purchase of stone-pack-2,,$59.99,$4.80,Normal,fastspring
P2qw8omsU3ddDRYD7ZTnb,,8/31/2025,Support a Creator (Tech Tree Games),Purchase of stone-pack-2,,$62.16,$4.97,Normal,fastspring
KePJV3vEi0fPS8FvweeGj,,8/31/2025,Support a Creator (Tech Tree Games),Purchase of stone-pack-2,,$62.16,$4.97,Normal,fastspring
SEDtDM9a4qKyjsFDjvTfE,,8/31/2025,Support a Creator (Tech Tree Games),Purchase of stone-pack-2,,$62.16,$4.97,Normal,fastspring
Knf2cV55gpV23_kY3waaX,,8/31/2025,Support a Creator (Tech Tree Games),Purchase of stone-pack-2,,$62.16,$4.97,Normal,fastspring
V6EJOv8vk8FPp5b-x8cLa,,8/31/2025,Support a Creator (Tech Tree Games),Purchase of stone-pack-2,,$62.16,$4.97,Normal,fastspring
TYTEX8Eufsa8Zq3vY1HP8,,8/31/2025,Support a Creator (Tech Tree Games),Purchase of stone-pack-2,,$54.30,$4.34,Normal,fastspring
NlUy6eMJG46BDs18yv6mS,,8/31/2025,Support a Creator (Tech Tree Games),Purchase of stone-pack-2,,$54.30,$4.34,Normal,fastspring
Jr816R-RnHU90e-QXbpfD,,8/31/2025,Support a Creator (Tech Tree Games),Purchase of stone-pack-2,,$54.30,$4.34,Normal,fastspring
Z9POERHSEvyaUEbwbtJ-v,,8/31/2025,Support a Creator (Tech Tree Games),Purchase of stone-pack-2,,$54.30,$4.34,Normal,fastspring
BiKn0b6VlX7AD1ug7riN0,,8/31/2025,Support a Creator (Tech Tree Games),Purchase of stone-pack-2,,$54.30,$4.34,Normal,fastspring
GJYtjxD0LfzQLo1qD_lpC,,8/31/2025,Support a Creator (Tech Tree Games),Purchase of stone-pack-2,,$48.01,$3.84,Normal,fastspring
AY_XvEb3rqsU7HVdZ1KYD,,8/31/2025,Support a Creator (Tech Tree Games),Purchase of stone-pack-2,,$48.01,$3.84,Normal,fastspring
kbnkw6X9SN-gYQ1a1n1Rr,,8/31/2025,Support a Creator (Tech Tree Games),Purchase of stone-pack-2,,$48.01,$3.84,Normal,fastspring
gjlG-WioHSqw6k92qhP5j,,8/31/2025,Support a Creator (Tech Tree Games),Purchase of stone-pack-2,,$48.01,$3.84,Normal,fastspring
Pk-VMIhvJaBS2VNqfO20e,,8/31/2025,Support a Creator (Tech Tree Games),Purchase of stone-pack-2,,$48.01,$3.84,Normal,fastspring
Ii2B2NhX8CvC9weCNiMKg,,8/31/2025,Support a Creator (Tech Tree Games),Purchase of stone-pack-2,,$48.01,$3.84,Normal,fastspring
0UoI2dg6kVgBAyDfRuFv2,,8/31/2025,Support a Creator (Tech Tree Games),Purchase of stone-pack-2,,$59.99,$4.80,Normal,fastspring
iknJu_XIsx9DT0MXmfhNB,,8/31/2025,Support a Creator (Tech Tree Games),Purchase of stone-pack-2,,$59.99,$4.80,Normal,fastspring
4Tn4_dfsPHn8zke1vk5CL,,8/31/2025,Support a Creator (Tech Tree Games),Purchase of stone-pack-2,,$59.99,$4.80,Normal,fastspring
WSKWIv-P0IjYW9wTjAt9m,,8/31/2025,Support a Creator (Tech Tree Games),Purchase of stone-pack-2,,$59.99,$4.80,Normal,fastspring
Amc5u6uk9Smy5YswzQlMM,,8/31/2025,Support a Creator (Tech Tree Games),Purchase of stone-pack-2,,$59.99,$4.80,Normal,fastspring
MSpThoMTO8PHlzo1rVr28,,8/31/2025,Support a Creator (Tech Tree Games),Purchase of stone-pack-2,,$48.01,$3.84,Normal,fastspring
NEPqQiPR7G7ZJt6VTtCJS,,8/31/2025,Support a Creator (Tech Tree Games),Purchase of stone-pack-2,,$48.01,$3.84,Normal,fastspring
QNJ5CtUaoTz47qv4FYncj,,8/31/2025,Support a Creator (Tech Tree Games),Purchase of stone-pack-2,,$48.01,$3.84,Normal,fastspring
K-ZHYcGj2fiNJyzNNsuTC,,8/31/2025,Support a Creator (Tech Tree Games),Purchase of stone-pack-2,,$48.01,$3.84,Normal,fastspring
QBA5nbgPgtIB98RaMzbTt,,8/31/2025,Support a Creator (Tech Tree Games),Purchase of stone-pack-2,,$48.01,$3.84,Normal,fastspring
ROGaS2nxes4qghMf0nUBp,,8/31/2025,Support a Creator (Tech Tree Games),Purchase of stone-pack-2,,$48.01,$3.84,Normal,fastspring
TN3Pl-Z3A4njXjszrmn9J,,8/31/2025,Support a Creator (Tech Tree Games),Purchase of stone-pack-2,,$48.01,$3.84,Normal,fastspring
lIHJ-uxKZreLvmCWRgdTb,,8/31/2025,Support a Creator (Tech Tree Games),Purchase of stone-pack-2,,$48.01,$3.84,Normal,fastspring
KV-Dsl1AMOQLMJQP5lUVp,,8/31/2025,Support a Creator (Tech Tree Games),Purchase of stone-pack-2,,$48.01,$3.84,Normal,fastspring
L9OfEhh0SOun-cU-MpwZ0,,8/31/2025,Support a Creator (Tech Tree Games),Purchase of stone-pack-2,,$48.01,$3.84,Normal,fastspring
hwrFSUzGSvKKm1sMoL6mk,,8/31/2025,Support a Creator (Tech Tree Games),Purchase of stone-pack-2,,$48.03,$3.84,Normal,fastspring
ZWK__h-eXWghkFxCCvLoD,,8/31/2025,Support a Creator (Tech Tree Games),Purchase of stone-pack-2,,$48.03,$3.84,Normal,fastspring
HB_YYwDZ0gG23K9NjYZJN,,8/31/2025,Support a Creator (Tech Tree Games),Purchase of stone-pack-2,,$48.03,$3.84,Normal,fastspring
GVyc6iwK6M9t12XMSUw15,,8/31/2025,Support a Creator (Tech Tree Games),Purchase of stone-pack-2,,$48.03,$3.84,Normal,fastspring
KHvzX-8pbm6olFdt89AJ6,,8/31/2025,Support a Creator (Tech Tree Games),Purchase of stone-pack-2,,$48.03,$3.84,Normal,fastspring
Dw23Zy3jaIAHGJpsnRIkU,,8/31/2025,Support a Creator (Tech Tree Games),Purchase of special-bundle-30,,$29.99,$2.40,Normal,fastspring
e1NczZluHTXW-1W1Ud1W9,,8/31/2025,Support a Creator (Tech Tree Games),Purchase of special-bundle-30,,$29.99,$2.40,Normal,fastspring
4KIRJq7k5PKEPyGzKKwtj,,8/31/2025,Support a Creator (Tech Tree Games),Purchase of special-bundle-30,,$29.99,$2.40,Normal,fastspring
V98qRFjovDjw-KU7hpHXr,,8/31/2025,Support a Creator (Tech Tree Games),Purchase of stone-pack-2,,$59.99,$4.80,Normal,fastspring
-g-EWtNyGBLWVaJn5RSi0,,8/31/2025,Support a Creator (Tech Tree Games),Purchase of stone-pack-2,,$59.99,$4.80,Normal,fastspring
Kc8BzbL0-1lKCdy1giN5Y,,8/31/2025,Support a Creator (Tech Tree Games),Purchase of stone-pack-2,,$59.99,$4.80,Normal,fastspring
oZuR7YicvGbJkKYVnkgfF,,8/31/2025,Support a Creator (Tech Tree Games),Purchase of stone-pack-2,,$59.99,$4.80,Normal,fastspring
25yuL8W5mHFmjl3pCU3VM,,8/31/2025,Support a Creator (Tech Tree Games),Purchase of stone-pack-2,,$59.99,$4.80,Normal,fastspring
jTJdp4D2zT2fmk3Zg_tx2,,8/31/2025,Support a Creator (Tech Tree Games),Purchase of stone-pack-2,,$59.99,$4.80,Normal,fastspring
ZKz77CW-hF1QLTq9tN57O,,8/31/2025,Support a Creator (Tech Tree Games),Purchase of stone-pack-2,,$59.99,$4.80,Normal,fastspring
oNOMjkG25Tdf4IdTb64II,,8/31/2025,Support a Creator (Tech Tree Games),Purchase of stone-pack-2,,$59.99,$4.80,Normal,fastspring
pbpbIuXuWwo98pM-KW_v_,,8/31/2025,Support a Creator (Tech Tree Games),Purchase of stone-pack-2,,$59.99,$4.80,Normal,fastspring
9KPsvkY-4pwp8ctewEVi1,,8/31/2025,Support a Creator (Tech Tree Games),Purchase of stone-pack-2,,$59.99,$4.80,Normal,fastspring
RkXr-FY9CHCDEpSRq5XES,,8/31/2025,Support a Creator (Tech Tree Games),Purchase of large-gem-pack,,$19.99,$1.60,Normal,fastspring
ZfTicZtOWYPI-0cf-BTYK,,8/31/2025,Support a Creator (Tech Tree Games),Purchase of special-bundle-30,,$29.99,$2.40,Normal,fastspring
dftOFaoDL5Kp6ZIxQeXRZ,,8/30/2025,Support a Creator (Tech Tree Games),Purchase of large-gem-pack,,$19.99,$1.60,Normal,fastspring
PvC26NCqOeufn21soe0NH,,8/30/2025,Support a Creator (Tech Tree Games),Purchase of special-bundle-30,,$28.76,$2.30,Normal,fastspring
sy1T4hnRZF6BEGVNz83n6,,8/30/2025,Support a Creator (Tech Tree Games),Purchase of special-bundle-30,,$28.76,$2.30,Normal,fastspring
LM6bi1k_BC4NP6IojMW1o,,8/30/2025,Support a Creator (Tech Tree Games),Purchase of special-bundle-30,,$28.76,$2.30,Normal,fastspring
fsJeH_WPC60ErD-u1Y4T9,,8/30/2025,Support a Creator (Tech Tree Games),Purchase of galaxy-gem-pack,,$96.76,$7.74,Normal,fastspring
c59-D0RQLZRBcD-R5RWpd,,8/29/2025,Support a Creator (Tech Tree Games),Purchase of special-bundle-30,,$29.99,$2.40,Normal,fastspring
GdWlN0LnMS6oL8SnD2SEi,,8/29/2025,Support a Creator (Tech Tree Games),Purchase of special-bundle-30,,$29.99,$2.40,Normal,fastspring
-sARmz093gpz5Hb7rGwnF,,8/29/2025,Support a Creator (Tech Tree Games),Purchase of event-boost,,$14.99,$0.75,Normal,google
dFOrSe044PvHg6wLhccrJ,,8/29/2025,Support a Creator (Tech Tree Games),Purchase of special-bundle-30,,$24.67,$1.97,Normal,fastspring
h2UyQYnNumqgtMvFHZ5cI,,8/29/2025,Support a Creator (Tech Tree Games),Purchase of special-bundle-30,,$24.67,$1.97,Normal,fastspring
n37bNCtuhBUCD0tBorjo5,,8/29/2025,Support a Creator (Tech Tree Games),Purchase of special-bundle-30,,$24.67,$1.97,Normal,fastspring
byWJ6DbayuMzvqEsiwGyY,,8/29/2025,Support a Creator (Tech Tree Games),Purchase of special-bundle-30,,$29.99,$2.40,Normal,fastspring
GdG8-b4pjkkWm-Q9Sc8Xk,,8/29/2025,Support a Creator (Tech Tree Games),Purchase of special-bundle-30,,$29.99,$2.40,Normal,fastspring
bKKhavZsETXK03OT6jwsN,,8/29/2025,Support a Creator (Tech Tree Games),Purchase of special-bundle-30,,$29.99,$2.40,Normal,fastspring
G9cOYlGJlB0Ly0aX8aDdV,,8/29/2025,Support a Creator (Tech Tree Games),Purchase of milestones-premium-7,,$49.99,$4.00,Normal,fastspring
Jyw5qlEyYvDnIL9Ki9wDI,,8/29/2025,Support a Creator (Tech Tree Games),Purchase of special-bundle-30,,$28.71,$2.30,Normal,fastspring
mqF0HEV0a0w8lVAphlpv0,,8/29/2025,Support a Creator (Tech Tree Games),Purchase of special-bundle-30,,$28.71,$2.30,Normal,fastspring
twlS4zRZlM8Hgt8A1Pmwz,,8/29/2025,Support a Creator (Tech Tree Games),Purchase of special-bundle-30,,$28.71,$2.30,Normal,fastspring
x9JJjSlgU1dQy5zDHnpE-,,8/28/2025,Support a Creator (Tech Tree Games),Purchase of galaxy-gem-pack,,$99.12,$7.93,Normal,fastspring
xiB5cR-yVoyyGXMgbNDAH,,8/28/2025,Support a Creator (Tech Tree Games),Purchase of special-bundle-30,,$30.31,$2.43,Normal,fastspring
AdAsWH8l8z2bnTtRXSbrc,,8/28/2025,Support a Creator (Tech Tree Games),Purchase of special-bundle-30,,$30.31,$2.43,Normal,fastspring
VnIz26uLkYrzeWp-If5sQ,,8/28/2025,Support a Creator (Tech Tree Games),Purchase of special-bundle-30,,$30.31,$2.43,Normal,fastspring
VwKzJhHdZOYfKnfeVn8bv,,8/28/2025,Support a Creator (Tech Tree Games),Purchase of special-bundle-30,,$31.64,$2.53,Normal,fastspring
8_VvCbc_hLKNXTj9NP4kL,,8/28/2025,Support a Creator (Tech Tree Games),Purchase of special-bundle-30,,$29.99,$2.40,Normal,fastspring
TXJT-AwELUOsHGzsyJiYP,,8/28/2025,Support a Creator (Tech Tree Games),Purchase of special-bundle-30,,$29.99,$2.40,Normal,fastspring
03Jp_KkFcwC_aNEXMbe3I,,8/28/2025,Support a Creator (Tech Tree Games),Purchase of special-bundle-30,,$29.99,$2.40,Normal,fastspring
ETfMgNj4GAW8AEjLe6YO5,,8/28/2025,Support a Creator (Tech Tree Games),Purchase of special-bundle-30,,$30.32,$2.43,Normal,fastspring
ZiM7LQRZWn7tedEARjS0i,,8/28/2025,Support a Creator (Tech Tree Games),Purchase of special-bundle-30,,$24.73,$1.98,Normal,fastspring
QC23cpmy0JWvp58K57Xfb,,8/28/2025,Support a Creator (Tech Tree Games),Purchase of special-bundle-30,,$24.73,$1.98,Normal,fastspring
mueRpaVFgPp_bj5U1D9-H,,8/28/2025,Support a Creator (Tech Tree Games),Purchase of special-bundle-30,,$24.73,$1.98,Normal,fastspring
mjCx3bAh4Je9dHO8qFiZJ,,8/28/2025,Support a Creator (Tech Tree Games),Purchase of special-bundle-30,,$24.73,$1.98,Normal,fastspring
PTo1NU4NiUwty5r4-johz,,8/28/2025,Support a Creator (Tech Tree Games),Purchase of special-bundle-30,,$24.73,$1.98,Normal,fastspring
TCTFSPxJyVH78ziXMQnpS,,8/28/2025,Support a Creator (Tech Tree Games),Purchase of special-bundle-30,,$24.73,$1.98,Normal,fastspring
SUUFwiLL9rPvrRRdnISaK,,8/28/2025,Support a Creator (Tech Tree Games),Purchase of disable-ads,,$10.50,$0.84,Normal,fastspring
WFncEdKVRMMaQ4Ga9obkT,,8/28/2025,Support a Creator (Tech Tree Games),Purchase of special-bundle-30,,$29.99,$2.40,Normal,fastspring
OlbAvPwyEUD-jHtpgjUZ1,,8/28/2025,Support a Creator (Tech Tree Games),Purchase of special-bundle-30,,$29.99,$2.40,Normal,fastspring
te1u-QAwPR7hxfhE9zcDY,,8/28/2025,Support a Creator (Tech Tree Games),Purchase of special-bundle-30,,$29.99,$2.40,Normal,fastspring
m1agM7oi2TA1vaE8sOvdV,,8/28/2025,Support a Creator (Tech Tree Games),Purchase of special-bundle-30,,$24.73,$1.98,Normal,fastspring
ek97rndCTGB80n12i-w0l,,8/28/2025,Support a Creator (Tech Tree Games),Purchase of special-bundle-30,,$24.73,$1.98,Normal,fastspring
djB7jb4CqXiDOG0kLOfRo,,8/28/2025,Support a Creator (Tech Tree Games),Purchase of special-bundle-30,,$24.73,$1.98,Normal,fastspring
NeKXtcos9BOWPlBspO_Yt,,8/28/2025,Support a Creator (Tech Tree Games),Purchase of special-bundle-30,,$24.73,$1.98,Normal,fastspring
kclDQ724QfmxV5KNaA8su,,8/28/2025,Support a Creator (Tech Tree Games),Purchase of special-bundle-30,,$24.73,$1.98,Normal,fastspring
ncm85T8fNUZjBfLioq_-V,,8/28/2025,Support a Creator (Tech Tree Games),Purchase of special-bundle-30,,$24.73,$1.98,Normal,fastspring
OjT0xSNpoNbANaRbBdyGo,,8/28/2025,Support a Creator (Tech Tree Games),Purchase of special-bundle-30,,$31.73,$2.54,Normal,fastspring
U3tvLAUz9kNBfVjeM_qJ4,,8/28/2025,Support a Creator (Tech Tree Games),Purchase of special-bundle-30,,$31.73,$2.54,Normal,fastspring
eM3Ngrk_zKyx0qNqy_xz4,,8/28/2025,Support a Creator (Tech Tree Games),Purchase of special-bundle-30,,$30.36,$2.43,Normal,fastspring
XPW2x8O4VmDMEM5j9E3QT,,8/28/2025,Support a Creator (Tech Tree Games),Purchase of special-bundle-30,,$30.36,$2.43,Normal,fastspring
xVtCSTy6Rxrf6tOcNOBjV,,8/28/2025,Support a Creator (Tech Tree Games),Purchase of special-bundle-30,,$30.36,$2.43,Normal,fastspring
PfeIaq_8ZqwseSzK5Uvp9,,8/28/2025,Support a Creator (Tech Tree Games),Purchase of special-bundle-30,,$29.99,$2.40,Normal,fastspring
SnP6lkkZfUN4WayNzk-kj,,8/28/2025,Support a Creator (Tech Tree Games),Purchase of special-bundle-30,,$29.99,$2.40,Normal,fastspring
GSBALAqTKwxa94RlLAZ4S,,8/28/2025,Support a Creator (Tech Tree Games),Purchase of special-bundle-30,,$29.99,$2.40,Normal,fastspring
Yf--31xosVbr0XuVEF_cs,,8/28/2025,Support a Creator (Tech Tree Games),Purchase of special-bundle-30,,$24.74,$1.98,Normal,fastspring
GhNxD-BXuA4ETz08Or4Bt,,8/28/2025,Support a Creator (Tech Tree Games),Purchase of special-bundle-30,,$24.74,$1.98,Normal,fastspring
SahDmsztATVHNKJkzvlc0,,8/28/2025,Support a Creator (Tech Tree Games),Purchase of special-bundle-30,,$24.74,$1.98,Normal,fastspring
zZV5PFU7SquNxVtwWQa7n,,8/28/2025,Support a Creator (Tech Tree Games),Purchase of special-bundle-30,,$29.99,$2.40,Normal,fastspring
q0GD98aFfWJlfgxSX06ed,,8/28/2025,Support a Creator (Tech Tree Games),Purchase of special-bundle-30,,$29.99,$2.40,Normal,fastspring
O2L8S9182i5UkLNZlok46,,8/28/2025,Support a Creator (Tech Tree Games),Purchase of special-bundle-30,,$29.99,$2.40,Normal,fastspring
MSpVq0PQtRp2nNYxjYrGa,,8/28/2025,Support a Creator (Tech Tree Games),Purchase of special-bundle-30,,$29.99,$2.40,Normal,fastspring
uLcv-VDo9elPL9Hm3udfe,,8/28/2025,Support a Creator (Tech Tree Games),Purchase of special-bundle-30,,$29.99,$2.40,Normal,fastspring
HZM-QVoOBIdXjETgZlaYW,,8/28/2025,Support a Creator (Tech Tree Games),Purchase of special-bundle-30,,$29.99,$2.40,Normal,fastspring
Brq9NfhkHPo7QPXl_lUWz,,8/28/2025,Support a Creator (Tech Tree Games),Purchase of special-bundle-30,,$31.14,$2.49,Normal,fastspring
fKeW-BrGDgdePfq4WCYhK,,8/28/2025,Support a Creator (Tech Tree Games),Purchase of special-bundle-30,,$31.14,$2.49,Normal,fastspring
ZSEtNoISva5XB4s7PRzyu,,8/28/2025,Support a Creator (Tech Tree Games),Purchase of special-bundle-30,,$31.14,$2.49,Normal,fastspring
m42wkeU6PxyHpT3dZyJon,,8/28/2025,Support a Creator (Tech Tree Games),Purchase of special-bundle-30,,$29.99,$2.40,Normal,fastspring
KPgGKwJdrCiIJKz3f8vey,,8/28/2025,Support a Creator (Tech Tree Games),Purchase of special-bundle-30,,$29.99,$2.40,Normal,fastspring
P8LmuDmkjU2GN4DtYCOTm,,8/28/2025,Support a Creator (Tech Tree Games),Purchase of special-bundle-30,,$29.99,$2.40,Normal,fastspring
0JPKn3fqdiq_pfxl-WyGI,,8/28/2025,Support a Creator (Tech Tree Games),Purchase of special-bundle-30,,$29.99,$2.40,Normal,fastspring
Tw86YaBoOUU-kt0GWBkYM,,8/28/2025,Support a Creator (Tech Tree Games),Purchase of special-bundle-30,,$29.99,$2.40,Normal,fastspring
78fWtRGO9I3fDBeHKfZrM,,8/28/2025,Support a Creator (Tech Tree Games),Purchase of special-bundle-30,,$29.99,$2.40,Normal,fastspring
rXvKcLPxTCqFwj11vsVrv,,8/27/2025,Support a Creator (Tech Tree Games),Purchase of galaxy-gem-pack,,$82.67,$6.61,Normal,fastspring
RA0bKNgJk2VXwWUSR65kA,,8/27/2025,Support a Creator (Tech Tree Games),Purchase of galaxy-gem-pack,,$82.67,$6.61,Normal,fastspring
YIW4XUU9aaSHny9n1bXPS,,8/27/2025,Support a Creator (Tech Tree Games),Purchase of galaxy-gem-pack,,$82.67,$6.61,Normal,fastspring
qny0NcZPtkmWautCBqGC9,,8/27/2025,Support a Creator (Tech Tree Games),Purchase of galaxy-gem-pack,,$82.67,$6.61,Normal,fastspring
Lvu_cwhsaNk07ZgGJyaOU,,8/27/2025,Support a Creator (Tech Tree Games),Purchase of galaxy-gem-pack,,$82.67,$6.61,Normal,fastspring
hUGjzSx_OuY8kiGYZyN8d,,8/27/2025,Support a Creator (Tech Tree Games),Purchase of event-boost,,$11.91,$0.95,Normal,fastspring
JV5ckZMK7Z5s0MWDFsUfP,,8/27/2025,Support a Creator (Tech Tree Games),Purchase of galaxy-gem-pack,,$105.17,$8.41,Normal,fastspring
t2NA0PbalOsdRRwhFKrQ8,,8/26/2025,Support a Creator (Tech Tree Games),Purchase of large-gem-pack,,$19.99,$1.60,Normal,fastspring
0NFrPK4iQpymehNNOvhDG,,8/26/2025,Support a Creator (Tech Tree Games),Purchase of galaxy-gem-pack,,$99.99,$8.00,Normal,fastspring
jZjDBQDBwkvIK0P5Iq9RZ,,8/26/2025,Support a Creator (Tech Tree Games),Purchase of galaxy-gem-pack,,$99.99,$8.00,Normal,fastspring
vWqEvVc4aYX6qgtaq7F0e,,8/26/2025,Support a Creator (Tech Tree Games),Purchase of galaxy-gem-pack,,$82.42,$6.59,Normal,fastspring
OuRXQUttZ7GXuuAPyGnwS,,8/26/2025,Support a Creator (Tech Tree Games),Purchase of galaxy-gem-pack,,$96.06,$7.69,Normal,fastspring
aW5fpjRGiCkdKsVU6xjBd,,8/26/2025,Support a Creator (Tech Tree Games),Purchase of galaxy-gem-pack,,$96.07,$7.69,Normal,fastspring
qZtZ68lwFiAvQ5LRXlBFZ,,8/26/2025,Support a Creator (Tech Tree Games),Purchase of galaxy-gem-pack,,$95.83,$7.67,Normal,fastspring
IzpkD_RTmNIicDfbbQndu,,8/26/2025,Support a Creator (Tech Tree Games),Purchase of galaxy-gem-pack,,$95.87,$7.67,Normal,fastspring
mKp7BjqqepwugRMHUOkuR,,8/26/2025,Support a Creator (Tech Tree Games),Purchase of galaxy-gem-pack,,$95.87,$7.67,Normal,fastspring
krElylfqypMhAscdKQCix,,8/25/2025,Support a Creator (Tech Tree Games),Purchase of stone-pack-2,,$48.19,$3.86,Normal,fastspring
SyjY7GRxj9RZB2OHuAgxD,,8/25/2025,Support a Creator (Tech Tree Games),Purchase of stone-pack-2,,$48.19,$3.86,Normal,fastspring
7Zo1ARvAMbEAxa2OkPnYZ,,8/25/2025,Support a Creator (Tech Tree Games),Purchase of stone-pack-2,,$48.19,$3.86,Normal,fastspring
hM0YGmoQp2KDzpsQPr30a,,8/25/2025,Support a Creator (Tech Tree Games),Purchase of stone-pack-2,,$48.23,$3.86,Normal,fastspring
wIOGHnc74EW-hSCcw3jZA,,8/25/2025,Support a Creator (Tech Tree Games),Purchase of stone-pack-2,,$48.24,$3.86,Normal,fastspring
kTEmr2Tn8rKuPJ6du0XTI,,8/25/2025,Support a Creator (Tech Tree Games),Purchase of small-gem-pack,,$4.99,$0.25,Normal,google
DLnOFhjC-baVqfDVS8lPt,,8/24/2025,Support a Creator (Tech Tree Games),Purchase of galaxy-gem-pack,,$99.99,$8.00,Normal,fastspring
LrSrQlRAjA6u_kUhApuvq,,8/24/2025,Support a Creator (Tech Tree Games),Purchase of galaxy-gem-pack,,$99.99,$8.00,Normal,fastspring
LY2RUaP4idUm1_H8v11fK,,8/24/2025,Support a Creator (Tech Tree Games),Purchase of galaxy-gem-pack,,$99.99,$8.00,Normal,fastspring
zg6gFdAHxYZeY8oMA_zFL,,8/24/2025,Support a Creator (Tech Tree Games),Purchase of galaxy-gem-pack,,$99.99,$8.00,Normal,fastspring
rVXca0zRLf7fI3HQUhfzg,,8/24/2025,Support a Creator (Tech Tree Games),Purchase of stone-pack-2,,$59.99,$4.80,Normal,fastspring
vLQLLZppcmEHbADyGhKew,,8/24/2025,Support a Creator (Tech Tree Games),Purchase of event-boost,,$14.99,$1.20,Normal,fastspring
5BfZhYRNSrWoaMeHhK4G5,,8/23/2025,Support a Creator (Tech Tree Games),Purchase of event-boost,,$14.99,$1.20,Normal,fastspring
6gEMyNZS0Sygx-BXvjFSy,,8/22/2025,Support a Creator (Tech Tree Games),Purchase of stone-pack-2,,$59.99,$3.00,Normal,google
8incLH26Stjyntd0NB8nJ,,8/21/2025,Support a Creator (Tech Tree Games),Purchase of stone-pack-2,,$74.06,$3.70,Normal,apple
ser_7Ai441yfI5xTIqmFe,,8/21/2025,Support a Creator (Tech Tree Games),Purchase of stone-pack-2,,$59.66,$2.98,Normal,google
XYE6bylooIzzh0gEhPI5m,,8/21/2025,Support a Creator (Tech Tree Games),Purchase of stone-pack-2,,$59.99,$3.00,Normal,apple
QaDM7If6_nE8zz4RL-Ul4,,8/21/2025,Support a Creator (Tech Tree Games),Purchase of stone-pack-2,,$59.99,$3.00,Normal,apple
mE8ld0Cj9Jo1cRnDe1Jv-,,8/21/2025,Support a Creator (Tech Tree Games),Purchase of stone-pack-2,,$59.99,$3.00,Normal,google
CNdapze8hyFFHRr8ANam-,,8/21/2025,Support a Creator (Tech Tree Games),Purchase of event-boost,,$14.99,$0.75,Normal,apple
9U1l3SQr5VR-O5CSlTeEw,,8/21/2025,Support a Creator (Tech Tree Games),Purchase of stone-pack-2,,$59.99,$3.00,Normal,apple
sAiDBWMOtkjj9wdrSiyPz,,8/21/2025,Support a Creator (Tech Tree Games),Purchase of stone-pack-2,,$59.99,$3.00,Normal,apple
MMw0cD3uBOP7IqyvHHRXC,,8/21/2025,Support a Creator (Tech Tree Games),Purchase of stone-pack-2,,$59.99,$3.00,Normal,apple
tO9bBC4GFS254Nyu7W5AP,,8/21/2025,Support a Creator (Tech Tree Games),Purchase of stone-pack-2,,$59.99,$3.00,Normal,apple
q_XsmbaSGq5Rna8oq0Uj_,,8/20/2025,Support a Creator (Tech Tree Games),Purchase of event-boost,,$14.99,$0.75,Normal,apple
BmkSB-l78RgYid-dcQoaP,,8/20/2025,Support a Creator (Tech Tree Games),Purchase of event-boost,,$14.99,$0.75,Normal,google
jO2AP2MkdO42iciFHuvRN,,8/20/2025,Support a Creator (Tech Tree Games),Purchase of event-boost,,$11.85,$0.95,Normal,fastspring
dMqdv3ug1RP6pIqWdzDnx,,8/20/2025,Support a Creator (Tech Tree Games),Purchase of event-boost,,$14.41,$0.72,Normal,google
Vgzbjdj4VyGTnGHwzHs01,,8/20/2025,Support a Creator (Tech Tree Games),Purchase of stone-pack-2,,$59.99,$4.80,Normal,fastspring
nDPnADTG5O0g1tT2D-XzN,,8/20/2025,Support a Creator (Tech Tree Games),Purchase of stone-pack-2,,$59.99,$4.80,Normal,fastspring
BTzdbT_Mau-BmUSq7Cq-K,,8/19/2025,Support a Creator (Tech Tree Games),Purchase of event-boost,,$14.99,$0.75,Normal,apple
EnNxl98S8_xwS8iGkkU7Q,,8/19/2025,Support a Creator (Tech Tree Games),Purchase of milestones-premium-7,,$49.99,$2.50,Normal,google
PBIzZg8lVAeMLPWc2soty,,8/19/2025,Support a Creator (Tech Tree Games),Purchase of event-boost,,$14.99,$0.75,Normal,google
fRu0KsikzmOXaLop1Prki,,8/18/2025,Support a Creator (Tech Tree Games),Purchase of event-boost,,$11.94,$0.96,Normal,fastspring
GlV8Ljh2-ahqwGL7ytXIC,,8/18/2025,Support a Creator (Tech Tree Games),Purchase of event-boost,,$14.99,$0.75,Normal,google
aVH5TDS4-UUeRiqtQcfuU,,8/18/2025,Support a Creator (Tech Tree Games),Purchase of event-boost,,$14.99,$1.20,Normal,fastspring
KzbReW-kKwY9TgHd_QtTk,,8/18/2025,Support a Creator (Tech Tree Games),Purchase of event-boost,,$11.94,$0.96,Normal,fastspring
v8zJEz3eReBmalNe4a0vy,,8/18/2025,Support a Creator (Tech Tree Games),Purchase of event-boost,,$14.99,$0.75,Normal,google
_5vWTUV50hEnMhvLc8bod,,8/18/2025,Support a Creator (Tech Tree Games),Purchase of event-boost,,$14.99,$0.75,Normal,apple
CfQZ_cuDbOo3LIZaYlvjQ,,8/18/2025,Support a Creator (Tech Tree Games),Purchase of event-boost,,$14.99,$0.75,Normal,google
J7qUTyetcO3HXqUnLEgQ_,,8/18/2025,Support a Creator (Tech Tree Games),Purchase of event-boost,,$11.94,$0.95,Normal,fastspring
RKcH5-24ZamM7Qe42BHtp,,8/18/2025,Support a Creator (Tech Tree Games),Purchase of event-boost,,$14.99,$0.75,Normal,apple
Uy5iS8stI3tYyk9wMu6Eg,,8/17/2025,Support a Creator (Tech Tree Games),Purchase of event-boost,,$14.99,$1.20,Normal,fastspring
6brLGO2ACi-mTwioo4tBp,,8/17/2025,Support a Creator (Tech Tree Games),Purchase of milestones-premium-7,,$49.99,$4.00,Normal,fastspring
QPuWEgeTtq2JdrcqtiQvR,,8/15/2025,Support a Creator (Tech Tree Games),Purchase of stone-pack-2,,$48.30,$3.86,Normal,fastspring
UWATe_i0vNbT3Ispi4N8C,,8/15/2025,Support a Creator (Tech Tree Games),Purchase of stone-pack-2,,$48.30,$3.86,Normal,fastspring
kiVw4jUOkoevPmxkzRrjv,,8/15/2025,Support a Creator (Tech Tree Games),Purchase of stone-pack-2,,$48.30,$3.86,Normal,fastspring
K8o9BTEhQgqyeRobYGh08,,8/15/2025,Support a Creator (Tech Tree Games),Purchase of milestones-premium-7,,$40.34,$3.23,Normal,fastspring
uljQo6JTjaDEjVGzvg99j,,8/15/2025,Support a Creator (Tech Tree Games),Purchase of massive-gem-pack,,$40.34,$3.23,Normal,fastspring
kDJqPjoiXi5SNaGHau8ch,,8/15/2025,Support a Creator (Tech Tree Games),Purchase of stone-pack-2,,$48.38,$3.87,Normal,fastspring
aNNhOBNW4SkoKgqYJvg5I,,8/15/2025,Support a Creator (Tech Tree Games),Purchase of stone-pack-2,,$48.34,$3.87,Normal,fastspring
MZe-I-lh4xDJR7PYMRO1B,,8/15/2025,Support a Creator (Tech Tree Games),Purchase of stone-pack-2,,$48.34,$3.87,Normal,fastspring
2FqV0AvAFjXF7UX8oh8Wm,,8/15/2025,Support a Creator (Tech Tree Games),Purchase of stone-pack-2,,$48.34,$3.87,Normal,fastspring
PDDInbVX3jVfTW3kvt-5E,,8/15/2025,Support a Creator (Tech Tree Games),Purchase of stone-pack-2,,$48.34,$3.87,Normal,fastspring
xRopL3N5fTH6wwpAWDZWJ,,8/15/2025,Support a Creator (Tech Tree Games),Purchase of stone-pack-2,,$48.34,$3.87,Normal,fastspring
r_OfWPskEZYB85RKl3C-o,,8/15/2025,Support a Creator (Tech Tree Games),Purchase of stone-pack-2,,$48.21,$3.86,Normal,fastspring
A9du0iAIeKFjPyUF8luPc,,8/15/2025,Support a Creator (Tech Tree Games),Purchase of stone-pack-2,,$48.21,$3.86,Normal,fastspring
pF3S7gkdq0wBarf5VZibw,,8/15/2025,Support a Creator (Tech Tree Games),Purchase of stone-pack-2,,$48.21,$3.86,Normal,fastspring
vPhwuKIkFdvZB6dpnT_KG,,8/15/2025,Support a Creator (Tech Tree Games),Purchase of stone-pack-2,,$48.21,$3.86,Normal,fastspring
MB2aYziocmNksfh3tGrpM,,8/15/2025,Support a Creator (Tech Tree Games),Purchase of stone-pack-2,,$48.21,$3.86,Normal,fastspring
MAoXFcZIB9IJy0M12WuK0,,8/15/2025,Support a Creator (Tech Tree Games),Purchase of milestones-premium-7,,$40.27,$3.22,Normal,fastspring
7q_DcZ8U4zM68yUkRYPz4,,8/15/2025,Support a Creator (Tech Tree Games),Purchase of milestones-premium-7,,$40.27,$3.22,Normal,fastspring
JPoAgq5qtjKCLyeF3qXHY,,8/15/2025,Support a Creator (Tech Tree Games),Purchase of milestones-premium-7,,$40.25,$3.22,Normal,fastspring
Zu5E4BXcRYwMY-ELbSrt0,,8/14/2025,Support a Creator (Tech Tree Games),Purchase of milestones-premium-7,,$40.24,$3.22,Normal,fastspring
MPShT31zvDw0fK7UTBxZS,,8/14/2025,Support a Creator (Tech Tree Games),Purchase of milestones-premium-7,,$49.25,$2.46,Normal,google
heQVWnQ2oq3pWISo3r1bV,,8/14/2025,Support a Creator (Tech Tree Games),Purchase of stone-pack-2,,$59.99,$4.80,Normal,fastspring
QN_Qu3NaqDXlxzIcgLdDA,,8/14/2025,Support a Creator (Tech Tree Games),Purchase of milestones-premium-7,,$49.99,$4.00,Normal,fastspring
gTxuso3TaHfuYVOCEJVd8,,8/14/2025,Support a Creator (Tech Tree Games),Purchase of stone-pack-2,,$48.19,$3.86,Normal,fastspring
lrJwCAQaPAeYORlFuDoNp,,8/14/2025,Support a Creator (Tech Tree Games),Purchase of stone-pack-2,,$48.19,$3.86,Normal,fastspring
D5ik-9-DQPNTpGk8Yjj0c,,8/14/2025,Support a Creator (Tech Tree Games),Purchase of stone-pack-2,,$48.19,$3.86,Normal,fastspring
Ts4dTLzD5t8pbzpnSxIln,,8/14/2025,Support a Creator (Tech Tree Games),Purchase of stone-pack-2,,$48.19,$3.86,Normal,fastspring
y0jBKd_3qVMM_XI7lExSi,,8/14/2025,Support a Creator (Tech Tree Games),Purchase of stone-pack-2,,$48.19,$3.86,Normal,fastspring
7b1FL9aVTX-9a90Ed5-sx,,8/14/2025,Support a Creator (Tech Tree Games),Purchase of milestones-premium-7,,$40.25,$3.22,Normal,fastspring
I1vgtHi9EYO7ho5LPWMp1,,8/14/2025,Support a Creator (Tech Tree Games),Purchase of milestones-premium-7,,$40.25,$3.22,Normal,fastspring
83fTuOuGEfPetyTJlwmX7,,8/14/2025,Support a Creator (Tech Tree Games),Purchase of milestones-premium-7,,$49.99,$4.00,Normal,fastspring